ring,year,doy,depth,sm
17,2004,176,1,34.8162
17,2004,182,1,28.4682
17,2004,190,1,38.006
17,2004,194,1,39.4402
17,2004,197,1,37.8545
17,2004,202,1,33.8572
17,2004,205,1,29.8606
17,2004,209,1,26.5607
17,2004,216,1,25.6184
17,2004,222,1,22.6907
17,2004,230,1,16.3977
17,2004,236,1,19.3058
17,2004,240,1,37.4579
17,2004,252,1,29.0995
17,2004,257,1,25.5467
17,2004,259,1,34.6562
17,2004,265,1,33.123
17,2004,271,1,30.5224
17,2004,274,1,29.2477
24,2004,176,1,24.0077
24,2004,182,1,18.5774
24,2004,190,1,36.2549
24,2004,194,1,37.1741
24,2004,197,1,36.0156
24,2004,202,1,30.6638
24,2004,205,1,24.1038
24,2004,209,1,19.1155
24,2004,216,1,21.1588
24,2004,222,1,16.9235
24,2004,230,1,16.3215
24,2004,236,1,20.636
24,2004,240,1,37.9662
24,2004,252,1,20.013
24,2004,257,1,17.5793
24,2004,259,1,32.1202
24,2004,265,1,29.0347
24,2004,271,1,23.3822
24,2004,274,1,22.2828
25,2004,176,1,30.3761
25,2004,182,1,25.6142
25,2004,190,1,36.5873
25,2004,194,1,37.3351
25,2004,197,1,36.4202
25,2004,202,1,34.1277
25,2004,205,1,30.8009
25,2004,209,1,27.0269
25,2004,216,1,28.5559
25,2004,222,1,24.1587
25,2004,230,1,18.4779
25,2004,236,1,23.012
25,2004,240,1,38.4243
25,2004,252,1,27.5021
25,2004,257,1,26.5318
25,2004,259,1,37.4596
25,2004,265,1,33.3489
25,2004,271,1,28.8925
25,2004,274,1,27.8046
32,2004,176,1,29.8267
32,2004,182,1,22.611
32,2004,190,1,34.5475
32,2004,194,1,35.9211
32,2004,197,1,36.3456
32,2004,202,1,31.2212
32,2004,205,1,24.0724
32,2004,209,1,21.9047
32,2004,216,1,22.7317
32,2004,222,1,18.5557
32,2004,230,1,17.1059
32,2004,236,1,21.3947
32,2004,240,1,38.5679
32,2004,252,1,24.8452
32,2004,257,1,23.5299
32,2004,259,1,32.5788
32,2004,265,1,30.6811
32,2004,271,1,26.9407
32,2004,274,1,25.6302
17,2004,176,2,42.4614
17,2004,182,2,37.3808
17,2004,190,2,41.3051
17,2004,194,2,42.2969
17,2004,197,2,41.9176
17,2004,202,2,41.1423
17,2004,205,2,39.0526
17,2004,209,2,34.0488
17,2004,216,2,29.7234
17,2004,222,2,27.1568
17,2004,230,2,22.041
17,2004,236,2,25.4087
17,2004,240,2,41.7631
17,2004,252,2,38.1751
17,2004,257,2,33.6873
17,2004,259,2,41.3752
17,2004,265,2,40.7287
17,2004,271,2,40.2245
17,2004,274,2,39.7255
24,2004,176,2,42.0696
24,2004,182,2,27.9308
24,2004,190,2,42.1235
24,2004,194,2,43.3714
24,2004,197,2,42.7245
24,2004,202,2,42.825
24,2004,205,2,38.9468
24,2004,209,2,29.4114
24,2004,216,2,27.7809
24,2004,222,2,21.8754
24,2004,230,2,20.8114
24,2004,236,2,24.0623
24,2004,240,2,42.0404
24,2004,252,2,32.1587
24,2004,257,2,25.8484
24,2004,259,2,39.3621
24,2004,265,2,39.8573
24,2004,271,2,38.8786
24,2004,274,2,38.3307
25,2004,176,2,40.2985
25,2004,182,2,35.6307
25,2004,190,2,39.2272
25,2004,194,2,40.544
25,2004,197,2,40.1633
25,2004,202,2,39.9795
25,2004,205,2,39.0347
25,2004,209,2,35.5712
25,2004,216,2,34.3611
25,2004,222,2,29.6994
25,2004,230,2,23.7813
25,2004,236,2,27.1812
25,2004,240,2,40.6669
25,2004,252,2,38.2347
25,2004,257,2,35.5278
25,2004,259,2,40.2488
25,2004,265,2,39.6271
25,2004,271,2,37.9527
25,2004,274,2,37.3432
32,2004,176,2,37.095
32,2004,182,2,30.3523
32,2004,190,2,35.2055
32,2004,194,2,36.4869
32,2004,197,2,37.0412
32,2004,202,2,37.8071
32,2004,205,2,31.0405
32,2004,209,2,28.0388
32,2004,216,2,25.3251
32,2004,222,2,21.4177
32,2004,230,2,21.0484
32,2004,236,2,22.719
32,2004,240,2,42.217
32,2004,252,2,35.9703
32,2004,257,2,30.3065
32,2004,259,2,36.2372
32,2004,265,2,37.6684
32,2004,271,2,35.3461
32,2004,274,2,34.0793
17,2004,176,3,42.4612
17,2004,182,3,41.9319
17,2004,190,3,41.565
17,2004,194,3,42.2257
17,2004,197,3,41.9193
17,2004,202,3,41.8085
17,2004,205,3,41.7285
17,2004,209,3,39.6997
17,2004,216,3,37.8155
17,2004,222,3,33.0993
17,2004,230,3,29.7782
17,2004,236,3,31.6468
17,2004,240,3,42.3872
17,2004,252,3,41.3935
17,2004,257,3,40.0224
17,2004,259,3,41.9591
17,2004,265,3,41.6051
17,2004,271,3,41.3228
17,2004,274,3,41.2325
24,2004,176,3,43.2844
24,2004,182,3,42.2652
24,2004,190,3,42.4895
24,2004,194,3,42.8497
24,2004,197,3,43.0145
24,2004,202,3,42.9422
24,2004,205,3,42.4588
24,2004,209,3,39.4575
24,2004,216,3,35.7796
24,2004,222,3,29.3417
24,2004,230,3,29.0628
24,2004,236,3,30.0194
24,2004,240,3,41.2223
24,2004,252,3,40.1426
24,2004,257,3,36.2323
24,2004,259,3,42.3462
24,2004,265,3,42.081
24,2004,271,3,41.868
24,2004,274,3,41.8474
25,2004,176,3,41.1031
25,2004,182,3,40.0047
25,2004,190,3,39.8492
25,2004,194,3,40.6952
25,2004,197,3,40.5465
25,2004,202,3,40.4383
25,2004,205,3,39.9268
25,2004,209,3,38.8418
25,2004,216,3,37.1415
25,2004,222,3,33.4023
25,2004,230,3,27.0835
25,2004,236,3,28.411
25,2004,240,3,38.6671
25,2004,252,3,38.2015
25,2004,257,3,36.796
25,2004,259,3,39.7897
25,2004,265,3,39.564
25,2004,271,3,38.9845
25,2004,274,3,39.0032
32,2004,176,3,39.6104
32,2004,182,3,38.4976
32,2004,190,3,39.022
32,2004,194,3,39.3606
32,2004,197,3,39.4964
32,2004,202,3,40.9825
32,2004,205,3,38.3877
32,2004,209,3,38.2787
32,2004,216,3,35.0895
32,2004,222,3,28.1525
32,2004,230,3,26.9974
32,2004,236,3,30.5855
32,2004,240,3,41.3629
32,2004,252,3,38.61
32,2004,257,3,38.7838
32,2004,259,3,40.0245
32,2004,265,3,40.003
32,2004,271,3,39.769
32,2004,274,3,37.9908
17,2004,176,4,44.3636
17,2004,182,4,44.2606
17,2004,190,4,43.6504
17,2004,194,4,44.205
17,2004,197,4,44.122
17,2004,202,4,43.8269
17,2004,205,4,43.7118
17,2004,209,4,43.0677
17,2004,216,4,41.645
17,2004,222,4,37.3941
17,2004,230,4,34.4043
17,2004,236,4,34.8484
17,2004,240,4,44.0781
17,2004,252,4,42.8506
17,2004,257,4,42.4916
17,2004,259,4,43.3062
17,2004,265,4,43.1605
17,2004,271,4,42.7167
17,2004,274,4,42.5328
24,2004,176,4,43.7432
24,2004,182,4,43.0871
24,2004,190,4,42.7363
24,2004,194,4,43.2015
24,2004,197,4,42.7874
24,2004,202,4,43.0878
24,2004,205,4,42.9742
24,2004,209,4,41.9403
24,2004,216,4,39.7232
24,2004,222,4,34.5954
24,2004,230,4,33.5805
24,2004,236,4,35.6177
24,2004,240,4,40.3667
24,2004,252,4,41.2014
24,2004,257,4,39.5706
24,2004,259,4,42.5418
24,2004,265,4,42.5818
24,2004,271,4,42.0919
24,2004,274,4,42.1017
25,2004,176,4,43.536
25,2004,182,4,43.0785
25,2004,190,4,42.5729
25,2004,194,4,43.2348
25,2004,197,4,42.985
25,2004,202,4,42.9242
25,2004,205,4,42.6266
25,2004,209,4,41.8305
25,2004,216,4,41.0826
25,2004,222,4,36.6106
25,2004,230,4,30.0724
25,2004,236,4,30.0042
25,2004,240,4,40.6835
25,2004,252,4,41.1122
25,2004,257,4,38.914
25,2004,259,4,41.4453
25,2004,265,4,41.6174
25,2004,271,4,41.1254
25,2004,274,4,41.1547
32,2004,176,4,41.8587
32,2004,182,4,41.4066
32,2004,190,4,41.0336
32,2004,194,4,41.4348
32,2004,197,4,41.4948
32,2004,202,4,41.3937
32,2004,205,4,41.0436
32,2004,209,4,40.7135
32,2004,216,4,39.5647
32,2004,222,4,33.5417
32,2004,230,4,31.8804
32,2004,236,4,34.3605
32,2004,240,4,40.3768
32,2004,252,4,39.5051
32,2004,257,4,39.5245
32,2004,259,4,40.0226
32,2004,265,4,40.6438
32,2004,271,4,40.003
32,2004,274,4,38.222
17,2004,176,5,43.5558
17,2004,182,5,43.297
17,2004,190,5,42.7882
17,2004,194,5,43.4192
17,2004,197,5,43.0981
17,2004,202,5,42.9025
17,2004,205,5,42.7687
17,2004,209,5,42.0142
17,2004,216,5,42.3669
17,2004,222,5,38.9269
17,2004,230,5,39.4469
17,2004,236,5,39.3698
17,2004,240,5,42.9937
17,2004,252,5,42.2951
17,2004,257,5,42.0912
17,2004,259,5,42.7051
17,2004,265,5,42.4997
17,2004,271,5,42.2341
17,2004,274,5,42.1014
24,2004,176,5,44.3944
24,2004,182,5,43.8688
24,2004,190,5,43.5649
24,2004,194,5,43.8582
24,2004,197,5,43.8261
24,2004,202,5,43.8578
24,2004,205,5,43.6693
24,2004,209,5,43.0251
24,2004,216,5,41.8733
24,2004,222,5,37.6283
24,2004,230,5,35.5418
24,2004,236,5,39.1374
24,2004,240,5,40.0226
24,2004,252,5,40.6279
24,2004,257,5,39.3147
24,2004,259,5,42.5249
24,2004,265,5,43.0972
24,2004,271,5,42.5107
24,2004,274,5,42.7156
25,2004,176,5,44.6721
25,2004,182,5,44.3015
25,2004,190,5,43.9857
25,2004,194,5,44.5242
25,2004,197,5,44.322
25,2004,202,5,44.1646
25,2004,205,5,43.9658
25,2004,209,5,43.1844
25,2004,216,5,42.8871
25,2004,222,5,39.8953
25,2004,230,5,34.266
25,2004,236,5,33.2197
25,2004,240,5,41.534
25,2004,252,5,42.3155
25,2004,257,5,40.2787
25,2004,259,5,42.1046
25,2004,265,5,42.0843
25,2004,271,5,41.6601
25,2004,274,5,41.7697
32,2004,176,5,42.7284
32,2004,182,5,42.4201
32,2004,190,5,41.9623
32,2004,194,5,42.3092
32,2004,197,5,42.2692
32,2004,202,5,41.828
32,2004,205,5,42.1245
32,2004,209,5,41.3731
32,2004,216,5,40.9823
32,2004,222,5,38.1175
32,2004,230,5,35.1738
32,2004,236,5,36.959
32,2004,240,5,39.9932
32,2004,252,5,40.1107
32,2004,257,5,39.7691
32,2004,259,5,40.0524
32,2004,265,5,40.7332
32,2004,271,5,40.0815
32,2004,274,5,37.9367
17,2004,176,6,42.5485
17,2004,182,6,42.2847
17,2004,190,6,42.0055
17,2004,194,6,42.4955
17,2004,197,6,42.3528
17,2004,202,6,42.0475
17,2004,205,6,41.7626
17,2004,209,6,40.9807
17,2004,216,6,41.3126
17,2004,222,6,39.0784
17,2004,230,6,40.2681
17,2004,236,6,40.2488
17,2004,240,6,42.1727
17,2004,252,6,41.0921
17,2004,257,6,40.8924
17,2004,259,6,41.9189
17,2004,265,6,41.6356
17,2004,271,6,41.2833
17,2004,274,6,41.143
24,2004,176,6,44.6702
24,2004,182,6,44.1836
24,2004,190,6,43.9417
24,2004,194,6,44.2264
24,2004,197,6,44.3202
24,2004,202,6,44.3627
24,2004,205,6,44.0693
24,2004,209,6,43.7326
24,2004,216,6,43.753
24,2004,222,6,40.5721
24,2004,230,6,38.9061
24,2004,236,6,43.0869
24,2004,240,6,40.1992
24,2004,252,6,41.3468
24,2004,257,6,40.675
24,2004,259,6,42.2254
24,2004,265,6,43.4814
24,2004,271,6,42.0709
24,2004,274,6,42.2008
25,2004,176,6,45.1137
25,2004,182,6,44.6339
25,2004,190,6,44.2439
25,2004,194,6,44.8895
25,2004,197,6,44.7186
25,2004,202,6,44.6138
25,2004,205,6,44.4765
25,2004,209,6,44.3332
25,2004,216,6,43.7454
25,2004,222,6,42.0984
25,2004,230,6,39.7094
25,2004,236,6,38.0126
25,2004,240,6,41.4131
25,2004,252,6,42.7977
25,2004,257,6,41.3873
25,2004,259,6,42.1988
25,2004,265,6,41.9737
25,2004,271,6,41.58
25,2004,274,6,41.589
32,2004,176,6,43.2977
32,2004,182,6,42.7808
32,2004,190,6,42.4825
32,2004,194,6,42.772
32,2004,197,6,42.7204
32,2004,202,6,42.1523
32,2004,205,6,42.6977
32,2004,209,6,41.8779
32,2004,216,6,41.7764
32,2004,222,6,40.9784
32,2004,230,6,39.0991
32,2004,236,6,39.0458
32,2004,240,6,40.0127
32,2004,252,6,40.8426
32,2004,257,6,40.1938
32,2004,259,6,40.4276
32,2004,265,6,41.8271
32,2004,271,6,40.4776
32,2004,274,6,39.7336
17,2004,176,7,41.959
17,2004,182,7,41.7363
17,2004,190,7,41.4032
17,2004,194,7,41.7969
17,2004,197,7,41.7361
17,2004,202,7,41.6955
17,2004,205,7,41.3729
17,2004,209,7,40.7334
17,2004,216,7,39.9146
17,2004,222,7,38.8346
17,2004,230,7,38.5146
17,2004,236,7,38.4291
17,2004,240,7,40.6241
17,2004,252,7,39.5537
17,2004,257,7,39.2823
17,2004,259,7,40.5348
17,2004,265,7,40.1894
17,2004,271,7,39.6803
17,2004,274,7,39.5926
24,2004,176,7,44.7863
24,2004,182,7,44.4368
24,2004,190,7,44.0888
24,2004,194,7,44.3314
24,2004,197,7,44.5952
24,2004,202,7,44.4048
24,2004,205,7,44.1519
24,2004,209,7,43.9624
24,2004,216,7,43.9728
24,2004,222,7,41.9864
24,2004,230,7,41.3347
24,2004,236,7,42.8183
24,2004,240,7,39.9537
24,2004,252,7,41.9326
24,2004,257,7,41.8291
24,2004,259,7,42.4694
24,2004,265,7,42.6332
24,2004,271,7,42.1734
24,2004,274,7,42.2547
25,2004,176,7,44.1122
25,2004,182,7,43.734
25,2004,190,7,43.4008
25,2004,194,7,43.9128
25,2004,197,7,43.7767
25,2004,202,7,43.7131
25,2004,205,7,43.537
25,2004,209,7,43.5674
25,2004,216,7,42.9852
25,2004,222,7,41.4465
25,2004,230,7,41.2724
25,2004,236,7,40.4359
25,2004,240,7,40.9622
25,2004,252,7,40.6141
25,2004,257,7,40.4161
25,2004,259,7,40.456
25,2004,265,7,40.5151
25,2004,271,7,40.0916
25,2004,274,7,40.0324
32,2004,176,7,42.73
32,2004,182,7,42.3617
32,2004,190,7,41.9546
32,2004,194,7,42.3434
32,2004,197,7,42.2925
32,2004,202,7,41.6474
32,2004,205,7,42.2392
32,2004,209,7,41.397
32,2004,216,7,41.5563
32,2004,222,7,40.8674
32,2004,230,7,39.9832
32,2004,236,7,39.1309
32,2004,240,7,39.8462
32,2004,252,7,40.0812
32,2004,257,7,39.4424
32,2004,259,7,39.5381
32,2004,265,7,40.763
32,2004,271,7,39.4689
32,2004,274,7,39.4582
1,2005,159,1,30.5114
1,2005,160,1,30.5764
1,2005,161,1,29.9393
1,2005,164,1,30.135
1,2005,166,1,34.5496
1,2005,168,1,31.8384
1,2005,171,1,30.4979
1,2005,173,1,28.8505
1,2005,175,1,26.7359
1,2005,178,1,23.5349
1,2005,180,1,22.5224
1,2005,184,1,20.4592
1,2005,188,1,20.0702
1,2005,192,1,19.0429
1,2005,194,1,26.4908
1,2005,196,1,26.9701
1,2005,199,1,23.7849
1,2005,201,1,23.897
1,2005,208,1,26.942
1,2005,210,1,23.5715
1,2005,213,1,22.88
1,2005,215,1,21.9362
1,2005,217,1,21.5922
1,2005,224,1,20.1026
1,2005,228,1,21.994
1,2005,233,1,31.5489
1,2005,236,1,26.3886
1,2005,240,1,24.0342
1,2005,243,1,23.2621
1,2005,245,1,20.4978
1,2005,250,1,19.745
1,2005,254,1,19.6876
1,2005,258,1,19.1954
1,2005,261,1,33.893
1,2005,264,1,36.1418
1,2005,269,1,40.1977
1,2005,273,1,38.1003
4,2005,159,1,22.1188
4,2005,160,1,20.8013
4,2005,161,1,20.3266
4,2005,164,1,20.407
4,2005,166,1,29.8806
4,2005,168,1,24.1888
4,2005,171,1,19.7833
4,2005,173,1,19.8823
4,2005,175,1,17.4684
4,2005,178,1,15.4784
4,2005,180,1,17.44
4,2005,184,1,16.3029
4,2005,188,1,16.7314
4,2005,192,1,15.893
4,2005,194,1,23.3194
4,2005,196,1,24.4499
4,2005,199,1,22.6539
4,2005,201,1,24.1275
4,2005,208,1,26.8991
4,2005,210,1,21.9971
4,2005,213,1,20.0852
4,2005,215,1,18.7891
4,2005,217,1,17.943
4,2005,224,1,17.1292
4,2005,228,1,19.009
4,2005,233,1,31.1972
4,2005,236,1,27.0918
4,2005,240,1,24.231
4,2005,243,1,22.527
4,2005,245,1,20.6503
4,2005,250,1,19.806
4,2005,254,1,19.0571
4,2005,258,1,18.6886
4,2005,261,1,28.6118
4,2005,264,1,34.7565
4,2005,269,1,40.8489
4,2005,273,1,39.6181
10,2005,159,1,29.846
10,2005,160,1,30.004
10,2005,161,1,29.5189
10,2005,164,1,29.3739
10,2005,166,1,35.8178
10,2005,168,1,32.3484
10,2005,171,1,29.8983
10,2005,173,1,27.7537
10,2005,175,1,25.2386
10,2005,178,1,22.464
10,2005,180,1,22.3368
10,2005,184,1,21.2164
10,2005,188,1,21.2985
10,2005,192,1,20.0147
10,2005,194,1,30.9921
10,2005,196,1,31.0995
10,2005,199,1,26.3454
10,2005,201,1,26.8451
10,2005,208,1,30.109
10,2005,210,1,25.2243
10,2005,213,1,21.4234
10,2005,215,1,21.8045
10,2005,217,1,21.0159
10,2005,224,1,19.5283
10,2005,228,1,23.0075
10,2005,233,1,33.8435
10,2005,236,1,26.7743
10,2005,240,1,23.4631
10,2005,243,1,21.6599
10,2005,245,1,NA
10,2005,250,1,19.341
10,2005,254,1,17.9038
10,2005,258,1,18.5003
10,2005,261,1,34.8513
10,2005,264,1,37.5282
10,2005,269,1,40.7711
10,2005,273,1,40.269
11,2005,159,1,31.8225
11,2005,160,1,31.236
11,2005,161,1,30.9625
11,2005,164,1,30.5808
11,2005,166,1,36.4386
11,2005,168,1,33.5267
11,2005,171,1,31.5356
11,2005,173,1,29.7483
11,2005,175,1,27.1737
11,2005,178,1,24.0185
11,2005,180,1,24.0714
11,2005,184,1,22.8648
11,2005,188,1,22.4116
11,2005,192,1,20.5584
11,2005,194,1,29.3527
11,2005,196,1,29.3615
11,2005,199,1,22.401
11,2005,201,1,26.2358
11,2005,208,1,30.3772
11,2005,210,1,25.8883
11,2005,213,1,24.0849
11,2005,215,1,22.869
11,2005,217,1,22.2922
11,2005,224,1,20.5764
11,2005,228,1,22.8844
11,2005,233,1,31.4812
11,2005,236,1,25.5002
11,2005,240,1,22.6718
11,2005,243,1,20.6343
11,2005,245,1,19.8746
11,2005,250,1,19.097
11,2005,254,1,17.7828
11,2005,258,1,18.0474
11,2005,261,1,33.2281
11,2005,264,1,36.6718
11,2005,269,1,40.3643
11,2005,273,1,39.6546
1,2005,159,2,37.2622
1,2005,160,2,37.3816
1,2005,161,2,36.7915
1,2005,164,2,36.8519
1,2005,166,2,38.3124
1,2005,168,2,37.513
1,2005,171,2,36.6146
1,2005,173,2,35.7919
1,2005,175,2,34.5684
1,2005,178,2,31.0694
1,2005,180,2,29.1154
1,2005,184,2,25.9003
1,2005,188,2,24.6198
1,2005,192,2,23.4977
1,2005,194,2,23.9004
1,2005,196,2,24.4216
1,2005,199,2,24.6546
1,2005,201,2,24.7423
1,2005,208,2,27.2665
1,2005,210,2,26.2473
1,2005,213,2,27.4911
1,2005,215,2,26.4654
1,2005,217,2,25.9302
1,2005,224,2,23.961
1,2005,228,2,23.7777
1,2005,233,2,34.62
1,2005,236,2,32.3363
1,2005,240,2,29.9289
1,2005,243,2,28.3385
1,2005,245,2,26.9987
1,2005,250,2,26.101
1,2005,254,2,24.8931
1,2005,258,2,24.2382
1,2005,261,2,34.6076
1,2005,264,2,38.0094
1,2005,269,2,42.0988
1,2005,273,2,40.9741
4,2005,159,2,38.0667
4,2005,160,2,36.9708
4,2005,161,2,36.5361
4,2005,164,2,34.3674
4,2005,166,2,40.2184
4,2005,168,2,38.4341
4,2005,171,2,31.9013
4,2005,173,2,27.7998
4,2005,175,2,23.4483
4,2005,178,2,18.2925
4,2005,180,2,22.0586
4,2005,184,2,20.3621
4,2005,188,2,19.8363
4,2005,192,2,18.6343
4,2005,194,2,27.8989
4,2005,196,2,26.4506
4,2005,199,2,24.3001
4,2005,201,2,25.5722
4,2005,208,2,31.1944
4,2005,210,2,27.3654
4,2005,213,2,25.154
4,2005,215,2,23.024
4,2005,217,2,21.5822
4,2005,224,2,19.9807
4,2005,228,2,21.007
4,2005,233,2,34.349
4,2005,236,2,31.7296
4,2005,240,2,30.2819
4,2005,243,2,28.6757
4,2005,245,2,27.8353
4,2005,250,2,26.2687
4,2005,254,2,23.3232
4,2005,258,2,23.4103
4,2005,261,2,34.8308
4,2005,264,2,38.3024
4,2005,269,2,44.0023
4,2005,273,2,43.4004
10,2005,159,2,38.09
10,2005,160,2,38.2667
10,2005,161,2,37.9607
10,2005,164,2,38.0661
10,2005,166,2,38.8889
10,2005,168,2,38.2691
10,2005,171,2,37.9148
10,2005,173,2,37.0278
10,2005,175,2,34.7705
10,2005,178,2,30.0665
10,2005,180,2,27.3681
10,2005,184,2,24.861
10,2005,188,2,23.5318
10,2005,192,2,22.8117
10,2005,194,2,24.056
10,2005,196,2,25.2496
10,2005,199,2,24.9831
10,2005,201,2,25.1261
10,2005,208,2,27.2265
10,2005,210,2,26.4357
10,2005,213,2,26.7651
10,2005,215,2,25.2248
10,2005,217,2,24.3279
10,2005,224,2,22.6029
10,2005,228,2,23.0857
10,2005,233,2,34.9981
10,2005,236,2,31.8019
10,2005,240,2,28.7849
10,2005,243,2,26.8181
10,2005,245,2,NA
10,2005,250,2,25.8571
10,2005,254,2,22.8792
10,2005,258,2,22.4634
10,2005,261,2,35.5656
10,2005,264,2,38.9932
10,2005,269,2,42.3543
10,2005,273,2,41.811
11,2005,159,2,37.7041
11,2005,160,2,37.6333
11,2005,161,2,37.321
11,2005,164,2,37.3305
11,2005,166,2,39.163
11,2005,168,2,38.28
11,2005,171,2,37.5881
11,2005,173,2,36.825
11,2005,175,2,35.2981
11,2005,178,2,31.6969
11,2005,180,2,29.2867
11,2005,184,2,27.0573
11,2005,188,2,25.8655
11,2005,192,2,24.6097
11,2005,194,2,25.4161
11,2005,196,2,26.3234
11,2005,199,2,26.024
11,2005,201,2,26.15
11,2005,208,2,29.9266
11,2005,210,2,28.7029
11,2005,213,2,28.677
11,2005,215,2,27.2943
11,2005,217,2,26.4261
11,2005,224,2,24.457
11,2005,228,2,24.6742
11,2005,233,2,34.2959
11,2005,236,2,31.7517
11,2005,240,2,27.6917
11,2005,243,2,26.0068
11,2005,245,2,26.3107
11,2005,250,2,25.2605
11,2005,254,2,22.5171
11,2005,258,2,22.1318
11,2005,261,2,36.3096
11,2005,264,2,39.1837
11,2005,269,2,42.6322
11,2005,273,2,42.0112
1,2005,159,3,37.7925
1,2005,160,3,37.8391
1,2005,161,3,37.5412
1,2005,164,3,37.6255
1,2005,166,3,38.0013
1,2005,168,3,37.8496
1,2005,171,3,37.6173
1,2005,173,3,37.2468
1,2005,175,3,36.5353
1,2005,178,3,35.0581
1,2005,180,3,34.1511
1,2005,184,3,31.778
1,2005,188,3,30.4726
1,2005,192,3,28.9943
1,2005,194,3,28.9843
1,2005,196,3,28.9881
1,2005,199,3,28.9686
1,2005,201,3,29.0755
1,2005,208,3,30.664
1,2005,210,3,30.5911
1,2005,213,3,31.8666
1,2005,215,3,31.6337
1,2005,217,3,31.1012
1,2005,224,3,29.6588
1,2005,228,3,29.2771
1,2005,233,3,35.4052
1,2005,236,3,33.8339
1,2005,240,3,33.4732
1,2005,243,3,33.1846
1,2005,245,3,32.5021
1,2005,250,3,31.4907
1,2005,254,3,29.6935
1,2005,258,3,29.437
1,2005,261,3,34.6681
1,2005,264,3,36.8912
1,2005,269,3,40.4851
1,2005,273,3,39.5127
4,2005,159,3,41.1145
4,2005,160,3,41.0016
4,2005,161,3,41.2225
4,2005,164,3,40.8744
4,2005,166,3,41.27
4,2005,168,3,41.0167
4,2005,171,3,40.7622
4,2005,173,3,40.1042
4,2005,175,3,37.8091
4,2005,178,3,33.4375
4,2005,180,3,36.6859
4,2005,184,3,31.0156
4,2005,188,3,28.4376
4,2005,192,3,26.2596
4,2005,194,3,34.7207
4,2005,196,3,33.2136
4,2005,199,3,31.2168
4,2005,201,3,32.0575
4,2005,208,3,36.8715
4,2005,210,3,35.3866
4,2005,213,3,33.6901
4,2005,215,3,31.2766
4,2005,217,3,29.9045
4,2005,224,3,27.1713
4,2005,228,3,27.8977
4,2005,233,3,41.0609
4,2005,236,3,41.0831
4,2005,240,3,39.878
4,2005,243,3,38.8494
4,2005,245,3,36.747
4,2005,250,3,34.5367
4,2005,254,3,34.1371
4,2005,258,3,34.3091
4,2005,261,3,42.8878
4,2005,264,3,43.5714
4,2005,269,3,44.7924
4,2005,273,3,44.165
10,2005,159,3,37.3025
10,2005,160,3,37.4693
10,2005,161,3,37.0599
10,2005,164,3,37.1496
10,2005,166,3,37.4978
10,2005,168,3,37.2729
10,2005,171,3,37.1551
10,2005,173,3,37.0806
10,2005,175,3,36.5473
10,2005,178,3,34.8019
10,2005,180,3,33.2769
10,2005,184,3,30.5238
10,2005,188,3,28.8515
10,2005,192,3,27.8474
10,2005,194,3,28.1454
10,2005,196,3,28.3754
10,2005,199,3,28.4387
10,2005,201,3,28.5967
10,2005,208,3,31.4226
10,2005,210,3,30.8408
10,2005,213,3,31.8219
10,2005,215,3,30.7926
10,2005,217,3,29.9928
10,2005,224,3,28.4536
10,2005,228,3,28.1795
10,2005,233,3,36.1715
10,2005,236,3,35.0525
10,2005,240,3,34.1917
10,2005,243,3,33.185
10,2005,245,3,NA
10,2005,250,3,32.3001
10,2005,254,3,29.5014
10,2005,258,3,29.5182
10,2005,261,3,36.8992
10,2005,264,3,38.2552
10,2005,269,3,40.0579
10,2005,273,3,39.7335
11,2005,159,3,38.415
11,2005,160,3,38.4327
11,2005,161,3,38.2818
11,2005,164,3,38.1599
11,2005,166,3,38.9007
11,2005,168,3,38.5475
11,2005,171,3,38.3678
11,2005,173,3,38.1155
11,2005,175,3,37.5417
11,2005,178,3,36.3885
11,2005,180,3,35.3897
11,2005,184,3,34.0455
11,2005,188,3,32.8619
11,2005,192,3,31.4974
11,2005,194,3,31.3893
11,2005,196,3,31.6761
11,2005,199,3,31.7405
11,2005,201,3,31.7714
11,2005,208,3,34.2363
11,2005,210,3,33.8219
11,2005,213,3,35.3355
11,2005,215,3,34.6485
11,2005,217,3,34.034
11,2005,224,3,31.8338
11,2005,228,3,31.9779
11,2005,233,3,36.4145
11,2005,236,3,35.8933
11,2005,240,3,34.9574
11,2005,243,3,34.1489
11,2005,245,3,33.2706
11,2005,250,3,32.3748
11,2005,254,3,30.1999
11,2005,258,3,30.5291
11,2005,261,3,38.9677
11,2005,264,3,40.0425
11,2005,269,3,41.5966
11,2005,273,3,41.1333
1,2005,159,4,39.7442
1,2005,160,4,39.7532
1,2005,161,4,39.5992
1,2005,164,4,39.6783
1,2005,166,4,39.8342
1,2005,168,4,39.6199
1,2005,171,4,39.724
1,2005,173,4,39.6764
1,2005,175,4,39.4755
1,2005,178,4,39.0997
1,2005,180,4,38.5853
1,2005,184,4,36.8748
1,2005,188,4,36.2397
1,2005,192,4,34.8875
1,2005,194,4,34.6511
1,2005,196,4,34.8354
1,2005,199,4,34.8523
1,2005,201,4,34.8093
1,2005,208,4,34.7393
1,2005,210,4,34.7913
1,2005,213,4,36.7511
1,2005,215,4,36.7347
1,2005,217,4,36.5826
1,2005,224,4,35.7545
1,2005,228,4,35.4949
1,2005,233,4,38.3156
1,2005,236,4,37.2928
1,2005,240,4,37.3122
1,2005,243,4,37.3515
1,2005,245,4,36.2596
1,2005,250,4,36.5699
1,2005,254,4,35.3444
1,2005,258,4,35.3097
1,2005,261,4,36.9989
1,2005,264,4,38.6758
1,2005,269,4,42.2948
1,2005,273,4,41.6141
4,2005,159,4,42.4399
4,2005,160,4,42.4697
4,2005,161,4,42.49
4,2005,164,4,42.5214
4,2005,166,4,42.5923
4,2005,168,4,42.3263
4,2005,171,4,42.5105
4,2005,173,4,42.3987
4,2005,175,4,42.5729
4,2005,178,4,42.0164
4,2005,180,4,41.9235
4,2005,184,4,39.2322
4,2005,188,4,34.7482
4,2005,192,4,30.6577
4,2005,194,4,34.9896
4,2005,196,4,34.3031
4,2005,199,4,33.1686
4,2005,201,4,33.7095
4,2005,208,4,38.2081
4,2005,210,4,37.723
4,2005,213,4,37.9452
4,2005,215,4,35.5289
4,2005,217,4,33.9842
4,2005,224,4,30.9645
4,2005,228,4,31.202
4,2005,233,4,44.0375
4,2005,236,4,43.8318
4,2005,240,4,43.6691
4,2005,243,4,43.0503
4,2005,245,4,41.9638
4,2005,250,4,41.2085
4,2005,254,4,41.5942
4,2005,258,4,41.2759
4,2005,261,4,44.7046
4,2005,264,4,45.0733
4,2005,269,4,45.6733
4,2005,273,4,45.3213
10,2005,159,4,38.2167
10,2005,160,4,38.3027
10,2005,161,4,37.915
10,2005,164,4,38.1204
10,2005,166,4,38.1636
10,2005,168,4,38.199
10,2005,171,4,38.2932
10,2005,173,4,38.0578
10,2005,175,4,37.9153
10,2005,178,4,37.3366
10,2005,180,4,36.5848
10,2005,184,4,34.52
10,2005,188,4,32.3104
10,2005,192,4,30.394
10,2005,194,4,30.3085
10,2005,196,4,30.2901
10,2005,199,4,30.4179
10,2005,201,4,30.2711
10,2005,208,4,31.9096
10,2005,210,4,31.6899
10,2005,213,4,33.1199
10,2005,215,4,32.5229
10,2005,217,4,32.1624
10,2005,224,4,31.1154
10,2005,228,4,30.6502
10,2005,233,4,37.7017
10,2005,236,4,36.7248
10,2005,240,4,36.3037
10,2005,243,4,35.7777
10,2005,245,4,NA
10,2005,250,4,35.9288
10,2005,254,4,33.8358
10,2005,258,4,33.3946
10,2005,261,4,37.403
10,2005,264,4,38.3129
10,2005,269,4,40.9477
10,2005,273,4,40.5265
11,2005,159,4,39.1029
11,2005,160,4,39.1318
11,2005,161,4,38.9678
11,2005,164,4,38.9592
11,2005,166,4,39.5282
11,2005,168,4,39.1806
11,2005,171,4,39.0748
11,2005,173,4,39.1352
11,2005,175,4,39.0573
11,2005,178,4,38.4925
11,2005,180,4,38.0295
11,2005,184,4,36.6777
11,2005,188,4,35.942
11,2005,192,4,34.9219
11,2005,194,4,34.6594
11,2005,196,4,34.8998
11,2005,199,4,34.8695
11,2005,201,4,34.8822
11,2005,208,4,35.9759
11,2005,210,4,35.9297
11,2005,213,4,37.8633
11,2005,215,4,37.6316
11,2005,217,4,37.3485
11,2005,224,4,36.5167
11,2005,228,4,36.0301
11,2005,233,4,39.0771
11,2005,236,4,38.5859
11,2005,240,4,38.2357
11,2005,243,4,37.9573
11,2005,245,4,38.0878
11,2005,250,4,37.2886
11,2005,254,4,36.0211
11,2005,258,4,35.4356
11,2005,261,4,39.5071
11,2005,264,4,40.333
11,2005,269,4,42.2392
11,2005,273,4,41.6572
1,2005,159,5,41.6172
1,2005,160,5,41.5273
1,2005,161,5,41.386
1,2005,164,5,41.5866
1,2005,166,5,41.5374
1,2005,168,5,41.488
1,2005,171,5,41.5678
1,2005,173,5,41.639
1,2005,175,5,41.8213
1,2005,178,5,41.459
1,2005,180,5,40.9991
1,2005,184,5,39.9021
1,2005,188,5,39.4497
1,2005,192,5,38.824
1,2005,194,5,38.6708
1,2005,196,5,38.9186
1,2005,199,5,38.7093
1,2005,201,5,38.9785
1,2005,208,5,38.6615
1,2005,210,5,38.7179
1,2005,213,5,41.2701
1,2005,215,5,41.3266
1,2005,217,5,41.2588
1,2005,224,5,40.7401
1,2005,228,5,40.6028
1,2005,233,5,41.1073
1,2005,236,5,40.3978
1,2005,240,5,40.8344
1,2005,243,5,40.6282
1,2005,245,5,40.8104
1,2005,250,5,40.6289
1,2005,254,5,39.971
1,2005,258,5,39.4664
1,2005,261,5,39.9731
1,2005,264,5,40.0338
1,2005,269,5,44.2289
1,2005,273,5,43.6564
4,2005,159,5,42.48
4,2005,160,5,42.7467
4,2005,161,5,42.7054
4,2005,164,5,42.6436
4,2005,166,5,42.6958
4,2005,168,5,42.5827
4,2005,171,5,42.5311
4,2005,173,5,42.8203
4,2005,175,5,42.738
4,2005,178,5,42.6866
4,2005,180,5,42.7477
4,2005,184,5,41.7308
4,2005,188,5,39.7647
4,2005,192,5,34.2364
4,2005,194,5,36.2867
4,2005,196,5,35.8077
4,2005,199,5,34.9649
4,2005,201,5,35.3646
4,2005,208,5,39.2908
4,2005,210,5,38.6978
4,2005,213,5,39.7218
4,2005,215,5,37.9567
4,2005,217,5,36.4462
4,2005,224,5,33.7351
4,2005,228,5,33.7576
4,2005,233,5,44.0465
4,2005,236,5,43.8847
4,2005,240,5,44.2169
4,2005,243,5,43.7201
4,2005,245,5,43.4246
4,2005,250,5,43.0821
4,2005,254,5,43.1546
4,2005,258,5,42.943
4,2005,261,5,44.8452
4,2005,264,5,45.2372
4,2005,269,5,46.0171
4,2005,273,5,45.5212
10,2005,159,5,39.4387
10,2005,160,5,39.4133
10,2005,161,5,39.14
10,2005,164,5,39.3132
10,2005,166,5,39.2526
10,2005,168,5,39.3071
10,2005,171,5,39.3616
10,2005,173,5,39.3834
10,2005,175,5,39.4433
10,2005,178,5,39.2414
10,2005,180,5,38.8552
10,2005,184,5,37.6551
10,2005,188,5,35.9191
10,2005,192,5,33.1888
10,2005,194,5,33.1014
10,2005,196,5,32.8631
10,2005,199,5,32.9508
10,2005,201,5,32.9723
10,2005,208,5,33.5088
10,2005,210,5,33.3375
10,2005,213,5,35.0003
10,2005,215,5,34.6238
10,2005,217,5,34.2856
10,2005,224,5,33.5563
10,2005,228,5,33.1475
10,2005,233,5,37.9604
10,2005,236,5,37.4716
10,2005,240,5,37.4858
10,2005,243,5,36.9436
10,2005,245,5,NA
10,2005,250,5,37.9107
10,2005,254,5,35.7517
10,2005,258,5,35.362
10,2005,261,5,37.0004
10,2005,264,5,37.7035
10,2005,269,5,41.7885
10,2005,273,5,41.3021
11,2005,159,5,41.0397
11,2005,160,5,41.062
11,2005,161,5,40.8424
11,2005,164,5,41.0223
11,2005,166,5,40.9314
11,2005,168,5,40.8944
11,2005,171,5,41.0017
11,2005,173,5,40.9229
11,2005,175,5,41.0144
11,2005,178,5,40.9283
11,2005,180,5,40.8666
11,2005,184,5,39.6031
11,2005,188,5,39.1204
11,2005,192,5,38.2711
11,2005,194,5,38.1302
11,2005,196,5,38.307
11,2005,199,5,38.2287
11,2005,201,5,38.2956
11,2005,208,5,38.6465
11,2005,210,5,38.5825
11,2005,213,5,41.3253
11,2005,215,5,41.1225
11,2005,217,5,40.8386
11,2005,224,5,40.3746
11,2005,228,5,40.1348
11,2005,233,5,41.6364
11,2005,236,5,41.0671
11,2005,240,5,41.2609
11,2005,243,5,40.8608
11,2005,245,5,40.806
11,2005,250,5,40.5249
11,2005,254,5,39.6892
11,2005,258,5,39.9864
11,2005,261,5,40.7888
11,2005,264,5,41.4262
11,2005,269,5,44.1227
11,2005,273,5,43.6382
1,2005,159,6,42.3415
1,2005,160,6,42.3433
1,2005,161,6,42.2007
1,2005,164,6,42.4333
1,2005,166,6,42.8217
1,2005,168,6,42.2412
1,2005,171,6,42.2419
1,2005,173,6,42.2609
1,2005,175,6,42.6518
1,2005,178,6,42.5065
1,2005,180,6,42.1217
1,2005,184,6,41.2405
1,2005,188,6,40.9554
1,2005,192,6,40.285
1,2005,194,6,40.0428
1,2005,196,6,40.2179
1,2005,199,6,40.4024
1,2005,201,6,40.5044
1,2005,208,6,40.3048
1,2005,210,6,40.3542
1,2005,213,6,42.6405
1,2005,215,6,42.6808
1,2005,217,6,42.7778
1,2005,224,6,42.5131
1,2005,228,6,42.4163
1,2005,233,6,42.7816
1,2005,236,6,42.0169
1,2005,240,6,42.6733
1,2005,243,6,42.4318
1,2005,245,6,42.3341
1,2005,250,6,42.2302
1,2005,254,6,42.0222
1,2005,258,6,41.4544
1,2005,261,6,41.9256
1,2005,264,6,42.0198
1,2005,269,6,44.6079
1,2005,273,6,44.1486
4,2005,159,6,43.2663
4,2005,160,6,43.4619
4,2005,161,6,43.3996
4,2005,164,6,43.4419
4,2005,166,6,43.4925
4,2005,168,6,43.3366
4,2005,171,6,43.3165
4,2005,173,6,43.3168
4,2005,175,6,43.5878
4,2005,178,6,43.472
4,2005,180,6,43.3782
4,2005,184,6,42.5726
4,2005,188,6,42.4635
4,2005,192,6,38.681
4,2005,194,6,39.5375
4,2005,196,6,38.9375
4,2005,199,6,38.1985
4,2005,201,6,38.471
4,2005,208,6,39.9391
4,2005,210,6,39.7542
4,2005,213,6,41.1961
4,2005,215,6,39.6724
4,2005,217,6,38.4127
4,2005,224,6,35.7824
4,2005,228,6,35.6003
4,2005,233,6,44.6857
4,2005,236,6,44.4127
4,2005,240,6,44.5731
4,2005,243,6,43.9666
4,2005,245,6,43.3822
4,2005,250,6,43.0733
4,2005,254,6,43.5573
4,2005,258,6,43.4077
4,2005,261,6,45.1936
4,2005,264,6,45.5228
4,2005,269,6,46.4281
4,2005,273,6,45.8834
10,2005,159,6,41.6155
10,2005,160,6,41.707
10,2005,161,6,41.3029
10,2005,164,6,41.5651
10,2005,166,6,41.2873
10,2005,168,6,41.4095
10,2005,171,6,41.697
10,2005,173,6,41.6447
10,2005,175,6,41.6887
10,2005,178,6,41.8608
10,2005,180,6,41.4479
10,2005,184,6,40.6942
10,2005,188,6,39.4712
10,2005,192,6,37.1116
10,2005,194,6,36.8132
10,2005,196,6,36.7335
10,2005,199,6,36.7497
10,2005,201,6,36.7453
10,2005,208,6,36.2379
10,2005,210,6,36.2075
10,2005,213,6,38.3475
10,2005,215,6,38.0331
10,2005,217,6,37.5627
10,2005,224,6,36.7399
10,2005,228,6,36.4203
10,2005,233,6,39.6436
10,2005,236,6,39.0851
10,2005,240,6,39.3164
10,2005,243,6,38.7937
10,2005,245,6,NA
10,2005,250,6,39.2808
10,2005,254,6,38.0214
10,2005,258,6,37.6333
10,2005,261,6,38.4765
10,2005,264,6,38.9827
10,2005,269,6,44.081
10,2005,273,6,43.6768
11,2005,159,6,43.1323
11,2005,160,6,43.2054
11,2005,161,6,42.8536
11,2005,164,6,43.226
11,2005,166,6,42.9268
11,2005,168,6,42.8641
11,2005,171,6,42.9568
11,2005,173,6,43.0914
11,2005,175,6,43.2681
11,2005,178,6,43.1744
11,2005,180,6,43.0302
11,2005,184,6,42.4648
11,2005,188,6,42.0292
11,2005,192,6,41.4121
11,2005,194,6,41.1213
11,2005,196,6,41.1804
11,2005,199,6,41.281
11,2005,201,6,41.3916
11,2005,208,6,41.2494
11,2005,210,6,41.4136
11,2005,213,6,44.4573
11,2005,215,6,44.326
11,2005,217,6,43.9593
11,2005,224,6,43.8842
11,2005,228,6,43.8102
11,2005,233,6,44.5567
11,2005,236,6,44.2419
11,2005,240,6,44.197
11,2005,243,6,44.049
11,2005,245,6,43.1846
11,2005,250,6,42.8918
11,2005,254,6,43.7554
11,2005,258,6,43.5635
11,2005,261,6,43.8021
11,2005,264,6,43.8671
11,2005,269,6,46.0547
11,2005,273,6,45.5463
1,2005,159,7,41.86
1,2005,160,7,41.7893
1,2005,161,7,41.6383
1,2005,164,7,41.9313
1,2005,166,7,42.2265
1,2005,168,7,42.1232
1,2005,171,7,41.8314
1,2005,173,7,41.8617
1,2005,175,7,42.0662
1,2005,178,7,42.0236
1,2005,180,7,41.761
1,2005,184,7,41.0161
1,2005,188,7,40.799
1,2005,192,7,40.1241
1,2005,194,7,39.8807
1,2005,196,7,40.0852
1,2005,199,7,40.0719
1,2005,201,7,40.3015
1,2005,208,7,39.935
1,2005,210,7,39.8953
1,2005,213,7,42.4932
1,2005,215,7,42.69
1,2005,217,7,42.7427
1,2005,224,7,42.4648
1,2005,228,7,42.4935
1,2005,233,7,42.6059
1,2005,236,7,42.3011
1,2005,240,7,42.9705
1,2005,243,7,42.0638
1,2005,245,7,42.056
1,2005,250,7,42.1424
1,2005,254,7,42.4974
1,2005,258,7,41.8284
1,2005,261,7,42.1779
1,2005,264,7,42.2984
1,2005,269,7,44.3775
1,2005,273,7,44.1472
4,2005,159,7,42.736
4,2005,160,7,42.7979
4,2005,161,7,42.7674
4,2005,164,7,42.9629
4,2005,166,7,42.7671
4,2005,168,7,42.7569
4,2005,171,7,42.8185
4,2005,173,7,43.0258
4,2005,175,7,43.119
4,2005,178,7,43.1292
4,2005,180,7,43.2123
4,2005,184,7,42.5311
4,2005,188,7,42.7196
4,2005,192,7,41.3814
4,2005,194,7,41.1675
4,2005,196,7,40.9273
4,2005,199,7,40.5739
4,2005,201,7,40.7055
4,2005,208,7,40.4489
4,2005,210,7,40.2597
4,2005,213,7,42.4709
4,2005,215,7,41.5625
4,2005,217,7,40.5913
4,2005,224,7,38.5027
4,2005,228,7,38.2187
4,2005,233,7,44.4716
4,2005,236,7,44.2494
4,2005,240,7,44.4865
4,2005,243,7,44.0017
4,2005,245,7,43.3149
4,2005,250,7,43.0689
4,2005,254,7,43.6761
4,2005,258,7,43.4514
4,2005,261,7,45.0385
4,2005,264,7,45.3673
4,2005,269,7,46.2726
4,2005,273,7,45.5851
10,2005,159,7,42.7113
10,2005,160,7,42.753
10,2005,161,7,42.4899
10,2005,164,7,42.6993
10,2005,166,7,42.4066
10,2005,168,7,42.5042
10,2005,171,7,42.8311
10,2005,173,7,42.7674
10,2005,175,7,42.8033
10,2005,178,7,43.0096
10,2005,180,7,42.7286
10,2005,184,7,42.5354
10,2005,188,7,41.9059
10,2005,192,7,39.8577
10,2005,194,7,39.8874
10,2005,196,7,40.0503
10,2005,199,7,40.042
10,2005,201,7,40.0075
10,2005,208,7,39.6319
10,2005,210,7,39.6249
10,2005,213,7,42.2766
10,2005,215,7,41.7918
10,2005,217,7,41.5783
10,2005,224,7,40.4394
10,2005,228,7,40.1192
10,2005,233,7,41.484
10,2005,236,7,40.7846
10,2005,240,7,41.3264
10,2005,243,7,40.7959
10,2005,245,7,NA
10,2005,250,7,40.6552
10,2005,254,7,40.1323
10,2005,258,7,39.7845
10,2005,261,7,40.492
10,2005,264,7,40.6639
10,2005,269,7,45.5587
10,2005,273,7,45.357
11,2005,159,7,42.8377
11,2005,160,7,42.8888
11,2005,161,7,42.5695
11,2005,164,7,42.8909
11,2005,166,7,42.6329
11,2005,168,7,42.5898
11,2005,171,7,42.5801
11,2005,173,7,42.9096
11,2005,175,7,42.9288
11,2005,178,7,43.0423
11,2005,180,7,42.9932
11,2005,184,7,42.6417
11,2005,188,7,42.2008
11,2005,192,7,41.4058
11,2005,194,7,41.1057
11,2005,196,7,41.346
11,2005,199,7,41.4296
11,2005,201,7,41.6568
11,2005,208,7,41.2654
11,2005,210,7,41.4813
11,2005,213,7,43.9197
11,2005,215,7,43.8642
11,2005,217,7,43.663
11,2005,224,7,43.4783
11,2005,228,7,43.4759
11,2005,233,7,43.9864
11,2005,236,7,43.8554
11,2005,240,7,43.8838
11,2005,243,7,43.6398
11,2005,245,7,43.2329
11,2005,250,7,42.9182
11,2005,254,7,43.3927
11,2005,258,7,43.3526
11,2005,261,7,43.4423
11,2005,264,7,43.3407
11,2005,269,7,45.259
11,2005,273,7,44.8955
17,2006,165,1,30.3476
17,2006,167,1,26.8057
17,2006,172,1,27.2948
17,2006,174,1,23.172
17,2006,177,1,20.7235
17,2006,179,1,20.9405
17,2006,184,1,19.206
17,2006,187,1,28.5231
17,2006,189,1,23.8678
17,2006,194,1,40.6329
17,2006,198,1,34.6289
17,2006,200,1,29.57
17,2006,202,1,38.2023
17,2006,206,1,33.4903
17,2006,209,1,40.9394
17,2006,212,1,38.0686
17,2006,214,1,34.7671
17,2006,216,1,31.22
17,2006,224,1,39.3529
17,2006,227,1,37.9958
17,2006,229,1,36.3606
17,2006,233,1,39.3991
17,2006,235,1,38.7445
17,2006,237,1,34.1551
17,2006,243,1,39.0899
17,2006,245,1,38.7154
17,2006,249,1,40.1616
17,2006,251,1,39.28
24,2006,165,1,31.7024
24,2006,167,1,29.9193
24,2006,172,1,28.8918
24,2006,174,1,24.5836
24,2006,177,1,21.6468
24,2006,179,1,21.3643
24,2006,184,1,19.3188
24,2006,187,1,22.3179
24,2006,189,1,21.1884
24,2006,194,1,38.4283
24,2006,198,1,30.1775
24,2006,200,1,25.7866
24,2006,202,1,30.9011
24,2006,206,1,26.1661
24,2006,209,1,40.0508
24,2006,212,1,31.8752
24,2006,214,1,26.5119
24,2006,216,1,23.2071
24,2006,224,1,33.5142
24,2006,227,1,28.7284
24,2006,229,1,25.3786
24,2006,233,1,32.9276
24,2006,235,1,28.1653
24,2006,237,1,25.19
24,2006,243,1,32.6682
24,2006,245,1,30.8381
24,2006,249,1,36.3207
24,2006,251,1,35.1154
25,2006,165,1,30.2058
25,2006,167,1,36.7207
25,2006,172,1,36.7103
25,2006,174,1,33.7604
25,2006,177,1,30.9039
25,2006,179,1,31.1817
25,2006,184,1,27.8648
25,2006,187,1,34.4709
25,2006,189,1,31.1926
25,2006,194,1,41.9001
25,2006,198,1,37.8961
25,2006,200,1,35.1632
25,2006,202,1,38.8367
25,2006,206,1,36.5526
25,2006,209,1,41.7994
25,2006,212,1,39.8106
25,2006,214,1,38.1157
25,2006,216,1,34.2287
25,2006,224,1,40.399
25,2006,227,1,38.8565
25,2006,229,1,37.2341
25,2006,233,1,40.6386
25,2006,235,1,39.4991
25,2006,237,1,38.1768
25,2006,243,1,40.1833
25,2006,245,1,39.9468
25,2006,249,1,40.855
25,2006,251,1,40.3458
32,2006,165,1,25.9488
32,2006,167,1,33.1042
32,2006,172,1,33.3064
32,2006,174,1,28.644
32,2006,177,1,25.5717
32,2006,179,1,25.8822
32,2006,184,1,23.3478
32,2006,187,1,31.1953
32,2006,189,1,27.6065
32,2006,194,1,42.987
32,2006,198,1,35.4581
32,2006,200,1,30.3481
32,2006,202,1,37.5439
32,2006,206,1,31.828
32,2006,209,1,43.1003
32,2006,212,1,38.1028
32,2006,214,1,31.7371
32,2006,216,1,26.7643
32,2006,224,1,38.7405
32,2006,227,1,35.717
32,2006,229,1,29.9007
32,2006,233,1,38.9677
32,2006,235,1,34.5809
32,2006,237,1,29.9246
32,2006,243,1,38.1069
32,2006,245,1,35.9974
32,2006,249,1,40.1226
32,2006,251,1,39.2568
17,2006,165,2,44.9703
17,2006,167,2,44.2412
17,2006,172,2,42.8872
17,2006,174,2,39.4051
17,2006,177,2,33.6809
17,2006,179,2,31.7638
17,2006,184,2,27.2858
17,2006,187,2,38.1546
17,2006,189,2,34.2848
17,2006,194,2,45.6282
17,2006,198,2,44.8771
17,2006,200,2,43.4842
17,2006,202,2,44.554
17,2006,206,2,44.0392
17,2006,209,2,45.497
17,2006,212,2,45.3475
17,2006,214,2,45.0845
17,2006,216,2,44.5969
17,2006,224,2,44.3965
17,2006,227,2,44.1527
17,2006,229,2,43.755
17,2006,233,2,44.1704
17,2006,235,2,44.371
17,2006,237,2,39.7778
17,2006,243,2,44.0504
17,2006,245,2,43.9633
17,2006,249,2,44.5458
17,2006,251,2,44.0163
24,2006,165,2,45.0669
24,2006,167,2,45.0526
24,2006,172,2,44.2515
24,2006,174,2,39.6589
24,2006,177,2,32.2349
24,2006,179,2,28.8413
24,2006,184,2,22.7728
24,2006,187,2,26.0944
24,2006,189,2,24.5455
24,2006,194,2,44.9863
24,2006,198,2,41.9089
24,2006,200,2,38.1599
24,2006,202,2,41.3375
24,2006,206,2,38.5032
24,2006,209,2,45.9042
24,2006,212,2,44.4438
24,2006,214,2,41.4167
24,2006,216,2,35.5097
24,2006,224,2,41.8773
24,2006,227,2,39.3704
24,2006,229,2,35.7349
24,2006,233,2,42.1797
24,2006,235,2,39.3579
24,2006,237,2,36.4943
24,2006,243,2,41.4426
24,2006,245,2,39.5417
24,2006,249,2,42.7133
24,2006,251,2,42.101
25,2006,165,2,40.8893
25,2006,167,2,43.3251
25,2006,172,2,42.3391
25,2006,174,2,41.3165
25,2006,177,2,39.0426
25,2006,179,2,37.8642
25,2006,184,2,32.8206
25,2006,187,2,36.889
25,2006,189,2,35.072
25,2006,194,2,43.9331
25,2006,198,2,42.9413
25,2006,200,2,41.4001
25,2006,202,2,42.7943
25,2006,206,2,42.5086
25,2006,209,2,44.278
25,2006,212,2,43.6303
25,2006,214,2,43.1442
25,2006,216,2,42.1119
25,2006,224,2,42.5951
25,2006,227,2,42.5528
25,2006,229,2,42.2654
25,2006,233,2,42.4891
25,2006,235,2,42.9333
25,2006,237,2,42.44
25,2006,243,2,41.6203
25,2006,245,2,42.7158
25,2006,249,2,43.1161
25,2006,251,2,42.9672
32,2006,165,2,43.0528
32,2006,167,2,45.0321
32,2006,172,2,43.9779
32,2006,174,2,40.7567
32,2006,177,2,36.2195
32,2006,179,2,34.6076
32,2006,184,2,29.7211
32,2006,187,2,36.4298
32,2006,189,2,33.9027
32,2006,194,2,45.8445
32,2006,198,2,44.3393
32,2006,200,2,43.1977
32,2006,202,2,44.06
32,2006,206,2,43.4292
32,2006,209,2,45.7469
32,2006,212,2,45.2656
32,2006,214,2,44.3419
32,2006,216,2,41.5326
32,2006,224,2,44.1026
32,2006,227,2,43.4556
32,2006,229,2,40.9029
32,2006,233,2,43.745
32,2006,235,2,42.8739
32,2006,237,2,41.6051
32,2006,243,2,43.0249
32,2006,245,2,42.7981
32,2006,249,2,43.6356
32,2006,251,2,43.6509
17,2006,165,3,43.4293
17,2006,167,3,43.4408
17,2006,172,3,42.8652
17,2006,174,3,42.9121
17,2006,177,3,41.2918
17,2006,179,3,39.7057
17,2006,184,3,34.3725
17,2006,187,3,40.5083
17,2006,189,3,38.9901
17,2006,194,3,43.299
17,2006,198,3,43.0431
17,2006,200,3,42.7107
17,2006,202,3,42.5599
17,2006,206,3,42.6284
17,2006,209,3,43.1481
17,2006,212,3,43.5228
17,2006,214,3,43.1798
17,2006,216,3,42.7533
17,2006,224,3,42.1945
17,2006,227,3,42.5518
17,2006,229,3,42.0515
17,2006,233,3,42.1741
17,2006,235,3,42.3864
17,2006,237,3,40.2267
17,2006,243,3,42.0008
17,2006,245,3,41.8558
17,2006,249,3,42.2912
17,2006,251,3,41.8627
24,2006,165,3,43.9919
24,2006,167,3,44.7699
24,2006,172,3,44.3717
24,2006,174,3,44.1801
24,2006,177,3,42.4152
24,2006,179,3,40.9118
24,2006,184,3,32.2646
24,2006,187,3,38.0853
24,2006,189,3,35.0119
24,2006,194,3,44.4821
24,2006,198,3,43.676
24,2006,200,3,42.3525
24,2006,202,3,43.3871
24,2006,206,3,42.6583
24,2006,209,3,44.9027
24,2006,212,3,44.5216
24,2006,214,3,44.0915
24,2006,216,3,42.6086
24,2006,224,3,43.4218
24,2006,227,3,43.0714
24,2006,229,3,41.7861
24,2006,233,3,43.3256
24,2006,235,3,43.1163
24,2006,237,3,41.8684
24,2006,243,3,42.7652
24,2006,245,3,42.31
24,2006,249,3,43.1089
24,2006,251,3,42.8257
25,2006,165,3,42.5284
25,2006,167,3,43.6243
25,2006,172,3,42.7759
25,2006,174,3,42.6645
25,2006,177,3,41.7124
25,2006,179,3,41.0379
25,2006,184,3,35.6653
25,2006,187,3,37.5065
25,2006,189,3,36.3157
25,2006,194,3,43.0128
25,2006,198,3,42.8588
25,2006,200,3,42.3403
25,2006,202,3,42.6072
25,2006,206,3,42.5754
25,2006,209,3,43.432
25,2006,212,3,43.2769
25,2006,214,3,43.2921
25,2006,216,3,43.0039
25,2006,224,3,42.2799
25,2006,227,3,42.4507
25,2006,229,3,42.3411
25,2006,233,3,42.151
25,2006,235,3,42.4625
25,2006,237,3,42.4132
25,2006,243,3,41.7217
25,2006,245,3,42.3627
25,2006,249,3,42.4195
25,2006,251,3,42.4014
32,2006,165,3,42.85
32,2006,167,3,43.8242
32,2006,172,3,43.2731
32,2006,174,3,43.3216
32,2006,177,3,42.2955
32,2006,179,3,41.1785
32,2006,184,3,35.3139
32,2006,187,3,39.6461
32,2006,189,3,37.6702
32,2006,194,3,43.4824
32,2006,198,3,42.9833
32,2006,200,3,42.7984
32,2006,202,3,42.8316
32,2006,206,3,42.6873
32,2006,209,3,43.3807
32,2006,212,3,43.4629
32,2006,214,3,43.3266
32,2006,216,3,42.6409
32,2006,224,3,42.5498
32,2006,227,3,42.6215
32,2006,229,3,41.2863
32,2006,233,3,42.172
32,2006,235,3,42.0606
32,2006,237,3,41.7986
32,2006,243,3,41.7669
32,2006,245,3,41.9766
32,2006,249,3,41.943
32,2006,251,3,41.9837
17,2006,165,4,44.7288
17,2006,167,4,45.0744
17,2006,172,4,44.5193
17,2006,174,4,44.7513
17,2006,177,4,44.2687
17,2006,179,4,43.4667
17,2006,184,4,38.5153
17,2006,187,4,42.0262
17,2006,189,4,40.8268
17,2006,194,4,44.9541
17,2006,198,4,44.7394
17,2006,200,4,44.5844
17,2006,202,4,44.2828
17,2006,206,4,44.1169
17,2006,209,4,44.7393
17,2006,212,4,45.0944
17,2006,214,4,44.8991
17,2006,216,4,44.6392
17,2006,224,4,43.9883
17,2006,227,4,44.0654
17,2006,229,4,43.597
17,2006,233,4,43.8964
17,2006,235,4,44.0153
17,2006,237,4,42.3896
17,2006,243,4,43.5667
17,2006,245,4,43.5877
17,2006,249,4,43.9011
17,2006,251,4,43.6183
24,2006,165,4,45.3644
24,2006,167,4,46.0958
24,2006,172,4,45.7286
24,2006,174,4,46.157
24,2006,177,4,45.282
24,2006,179,4,45.2546
24,2006,184,4,40.6991
24,2006,187,4,43.8055
24,2006,189,4,41.5314
24,2006,194,4,46.0882
24,2006,198,4,45.3513
24,2006,200,4,44.4772
24,2006,202,4,45.1203
24,2006,206,4,44.9531
24,2006,209,4,46.2112
24,2006,212,4,46.0987
24,2006,214,4,45.842
24,2006,216,4,45.4769
24,2006,224,4,44.7065
24,2006,227,4,44.7963
24,2006,229,4,44.0789
24,2006,233,4,44.7353
24,2006,235,4,44.4541
24,2006,237,4,44.0645
24,2006,243,4,44.2032
24,2006,245,4,44.0458
24,2006,249,4,44.5578
24,2006,251,4,44.2266
25,2006,165,4,44.3263
25,2006,167,4,45.1482
25,2006,172,4,44.495
25,2006,174,4,44.7526
25,2006,177,4,44.1731
25,2006,179,4,43.6033
25,2006,184,4,41.219
25,2006,187,4,40.9754
25,2006,189,4,39.9731
25,2006,194,4,44.5369
25,2006,198,4,44.1659
25,2006,200,4,44.2542
25,2006,202,4,44.0715
25,2006,206,4,43.982
25,2006,209,4,44.9551
25,2006,212,4,44.8925
25,2006,214,4,44.7978
25,2006,216,4,44.611
25,2006,224,4,43.8483
25,2006,227,4,43.8285
25,2006,229,4,43.5842
25,2006,233,4,43.7694
25,2006,235,4,43.849
25,2006,237,4,43.6978
25,2006,243,4,43.4133
25,2006,245,4,43.7091
25,2006,249,4,43.6045
25,2006,251,4,43.7645
32,2006,165,4,43.6846
32,2006,167,4,44.0185
32,2006,172,4,43.4456
32,2006,174,4,43.6971
32,2006,177,4,43.3543
32,2006,179,4,42.8741
32,2006,184,4,40.399
32,2006,187,4,41.8072
32,2006,189,4,40.753
32,2006,194,4,43.5718
32,2006,198,4,43.1729
32,2006,200,4,43.07
32,2006,202,4,42.8695
32,2006,206,4,42.907
32,2006,209,4,43.5204
32,2006,212,4,43.5189
32,2006,214,4,43.448
32,2006,216,4,43.2792
32,2006,224,4,42.78
32,2006,227,4,43.0069
32,2006,229,4,41.5766
32,2006,233,4,42.3096
32,2006,235,4,42.2127
32,2006,237,4,41.979
32,2006,243,4,41.7594
32,2006,245,4,41.9411
32,2006,249,4,42.1307
32,2006,251,4,42.0609
17,2006,165,5,44.6701
17,2006,167,5,45.0968
17,2006,172,5,44.4854
17,2006,174,5,44.9026
17,2006,177,5,44.5366
17,2006,179,5,44.0182
17,2006,184,5,42.2302
17,2006,187,5,43.1216
17,2006,189,5,42.3641
17,2006,194,5,44.7654
17,2006,198,5,44.745
17,2006,200,5,44.4222
17,2006,202,5,44.2562
17,2006,206,5,44.1034
17,2006,209,5,44.8166
17,2006,212,5,45.078
17,2006,214,5,44.9467
17,2006,216,5,44.602
17,2006,224,5,43.9932
17,2006,227,5,43.7446
17,2006,229,5,43.6335
17,2006,233,5,43.9607
17,2006,235,5,43.9716
17,2006,237,5,42.5949
17,2006,243,5,43.4379
17,2006,245,5,43.5622
17,2006,249,5,43.8056
17,2006,251,5,43.5513
24,2006,165,5,46.2181
24,2006,167,5,46.7159
24,2006,172,5,46.3991
24,2006,174,5,46.7878
24,2006,177,5,46.1925
24,2006,179,5,46.3024
24,2006,184,5,45.4927
24,2006,187,5,45.9181
24,2006,189,5,44.3322
24,2006,194,5,47.2544
24,2006,198,5,46.396
24,2006,200,5,45.3249
24,2006,202,5,46.152
24,2006,206,5,45.895
24,2006,209,5,47.0802
24,2006,212,5,47.1289
24,2006,214,5,46.6813
24,2006,216,5,46.2938
24,2006,224,5,45.5222
24,2006,227,5,45.391
24,2006,229,5,44.9136
24,2006,233,5,45.4377
24,2006,235,5,45.1522
24,2006,237,5,44.8091
24,2006,243,5,44.8339
24,2006,245,5,44.8458
24,2006,249,5,45.2058
24,2006,251,5,44.9657
25,2006,165,5,45.0008
25,2006,167,5,45.9208
25,2006,172,5,45.5787
25,2006,174,5,45.8016
25,2006,177,5,45.4759
25,2006,179,5,44.8543
25,2006,184,5,44.706
25,2006,187,5,44.5559
25,2006,189,5,44.0482
25,2006,194,5,45.7397
25,2006,198,5,45.4033
25,2006,200,5,45.2015
25,2006,202,5,45.078
25,2006,206,5,44.9939
25,2006,209,5,45.9874
25,2006,212,5,45.7968
25,2006,214,5,45.7693
25,2006,216,5,45.4367
25,2006,224,5,44.5889
25,2006,227,5,44.6964
25,2006,229,5,44.3754
25,2006,233,5,44.5338
25,2006,235,5,44.6474
25,2006,237,5,44.6129
25,2006,243,5,44.2717
25,2006,245,5,44.5478
25,2006,249,5,44.5687
25,2006,251,5,44.4756
32,2006,165,5,43.3507
32,2006,167,5,43.8902
32,2006,172,5,43.1562
32,2006,174,5,43.4908
32,2006,177,5,43.0217
32,2006,179,5,42.8469
32,2006,184,5,42.3859
32,2006,187,5,42.3985
32,2006,189,5,41.8252
32,2006,194,5,43.5226
32,2006,198,5,43.0107
32,2006,200,5,42.87
32,2006,202,5,42.5845
32,2006,206,5,42.3831
32,2006,209,5,43.3582
32,2006,212,5,43.346
32,2006,214,5,43.3255
32,2006,216,5,42.7135
32,2006,224,5,42.3415
32,2006,227,5,42.3186
32,2006,229,5,41.4106
32,2006,233,5,41.8189
32,2006,235,5,41.7996
32,2006,237,5,41.6889
32,2006,243,5,41.5718
32,2006,245,5,41.6596
32,2006,249,5,41.8115
32,2006,251,5,41.7523
17,2006,165,6,42.9197
17,2006,167,6,43.5244
17,2006,172,6,42.6162
17,2006,174,6,43.0516
17,2006,177,6,42.7169
17,2006,179,6,42.3034
17,2006,184,6,41.0037
17,2006,187,6,41.2671
17,2006,189,6,40.8054
17,2006,194,6,43.3041
17,2006,198,6,43.0897
17,2006,200,6,42.881
17,2006,202,6,42.6176
17,2006,206,6,42.1449
17,2006,209,6,43.2129
17,2006,212,6,43.3475
17,2006,214,6,43.1544
17,2006,216,6,42.8269
17,2006,224,6,42.1996
17,2006,227,6,41.7135
17,2006,229,6,41.9658
17,2006,233,6,42.2675
17,2006,235,6,42.0873
17,2006,237,6,41.1097
17,2006,243,6,41.6321
17,2006,245,6,41.6893
17,2006,249,6,42.1294
17,2006,251,6,41.7393
24,2006,165,6,46.3194
24,2006,167,6,46.8389
24,2006,172,6,46.5695
24,2006,174,6,47.0013
24,2006,177,6,46.4644
24,2006,179,6,46.4306
24,2006,184,6,46.2403
24,2006,187,6,46.5338
24,2006,189,6,45.8589
24,2006,194,6,47.2249
24,2006,198,6,46.3759
24,2006,200,6,46.0965
24,2006,202,6,46.0596
24,2006,206,6,45.7497
24,2006,209,6,47.4323
24,2006,212,6,46.9888
24,2006,214,6,46.8032
24,2006,216,6,46.2457
24,2006,224,6,45.5175
24,2006,227,6,45.3001
24,2006,229,6,44.7702
24,2006,233,6,45.1478
24,2006,235,6,45.1053
24,2006,237,6,44.5738
24,2006,243,6,44.7279
24,2006,245,6,44.4925
24,2006,249,6,45.0343
24,2006,251,6,44.7157
25,2006,165,6,45.8514
25,2006,167,6,46.0483
25,2006,172,6,45.6058
25,2006,174,6,45.8185
25,2006,177,6,45.6392
25,2006,179,6,45.0881
25,2006,184,6,45.1416
25,2006,187,6,45.0251
25,2006,189,6,44.6066
25,2006,194,6,45.6806
25,2006,198,6,45.5012
25,2006,200,6,45.3672
25,2006,202,6,45.0999
25,2006,206,6,45.1532
25,2006,209,6,45.8929
25,2006,212,6,45.9673
25,2006,214,6,45.8789
25,2006,216,6,45.6493
25,2006,224,6,44.6315
25,2006,227,6,44.459
25,2006,229,6,44.1916
25,2006,233,6,44.2314
25,2006,235,6,44.5185
25,2006,237,6,44.1815
25,2006,243,6,44.1014
25,2006,245,6,44.2409
25,2006,249,6,44.5423
25,2006,251,6,44.4912
32,2006,165,6,43.1883
32,2006,167,6,43.2159
32,2006,172,6,42.4136
32,2006,174,6,42.7795
32,2006,177,6,42.516
32,2006,179,6,42.2435
32,2006,184,6,42.0534
32,2006,187,6,41.9959
32,2006,189,6,41.7162
32,2006,194,6,42.8058
32,2006,198,6,42.3532
32,2006,200,6,42.215
32,2006,202,6,41.9442
32,2006,206,6,41.7872
32,2006,209,6,42.6581
32,2006,212,6,42.5454
32,2006,214,6,42.5
32,2006,216,6,42.1818
32,2006,224,6,41.5965
32,2006,227,6,41.85
32,2006,229,6,40.6168
32,2006,233,6,41.0278
32,2006,235,6,41.1079
32,2006,237,6,40.8546
32,2006,243,6,40.7264
32,2006,245,6,40.8354
32,2006,249,6,41.0186
32,2006,251,6,40.9611
17,2006,165,7,42.8513
17,2006,167,7,43.4331
17,2006,172,7,42.7755
17,2006,174,7,43.0094
17,2006,177,7,42.6464
17,2006,179,7,42.4636
17,2006,184,7,41.556
17,2006,187,7,41.0883
17,2006,189,7,40.5898
17,2006,194,7,43.3959
17,2006,198,7,42.83
17,2006,200,7,42.3079
17,2006,202,7,42.0678
17,2006,206,7,41.7697
17,2006,209,7,43.1397
17,2006,212,7,43.284
17,2006,214,7,43.0517
17,2006,216,7,42.6342
17,2006,224,7,41.8983
17,2006,227,7,41.6581
17,2006,229,7,41.3646
17,2006,233,7,42.0298
17,2006,235,7,41.8215
17,2006,237,7,40.9782
17,2006,243,7,41.4032
17,2006,245,7,41.2569
17,2006,249,7,41.8802
17,2006,251,7,41.473
24,2006,165,7,45.9667
24,2006,167,7,46.3418
24,2006,172,7,46.1633
24,2006,174,7,46.5859
24,2006,177,7,45.8891
24,2006,179,7,46.0457
24,2006,184,7,46.1556
24,2006,187,7,46.0728
24,2006,189,7,45.7327
24,2006,194,7,47.6186
24,2006,198,7,46.208
24,2006,200,7,46.049
24,2006,202,7,45.8265
24,2006,206,7,45.5783
24,2006,209,7,47.3327
24,2006,212,7,46.4751
24,2006,214,7,46.2593
24,2006,216,7,45.9223
24,2006,224,7,44.8739
24,2006,227,7,45.0083
24,2006,229,7,44.3987
24,2006,233,7,44.6645
24,2006,235,7,44.598
24,2006,237,7,44.1263
24,2006,243,7,44.1243
24,2006,245,7,44.1043
24,2006,249,7,44.6811
24,2006,251,7,44.2589
25,2006,165,7,44.979
25,2006,167,7,44.9106
25,2006,172,7,44.3173
25,2006,174,7,44.5821
25,2006,177,7,44.2577
25,2006,179,7,44.0101
25,2006,184,7,44.1526
25,2006,187,7,44.049
25,2006,189,7,43.7575
25,2006,194,7,44.4672
25,2006,198,7,44.2373
25,2006,200,7,44.5433
25,2006,202,7,43.904
25,2006,206,7,43.8053
25,2006,209,7,44.6931
25,2006,212,7,44.6748
25,2006,214,7,44.932
25,2006,216,7,44.4561
25,2006,224,7,43.4656
25,2006,227,7,43.0313
25,2006,229,7,42.6211
25,2006,233,7,43.1758
25,2006,235,7,42.8052
25,2006,237,7,42.5293
25,2006,243,7,42.6843
25,2006,245,7,42.5119
25,2006,249,7,42.8927
25,2006,251,7,42.7195
32,2006,165,7,43.2151
32,2006,167,7,44.1061
32,2006,172,7,43.7433
32,2006,174,7,44.1363
32,2006,177,7,43.7663
32,2006,179,7,43.6295
32,2006,184,7,43.6514
32,2006,187,7,43.665
32,2006,189,7,43.5387
32,2006,194,7,44.1248
32,2006,198,7,43.8164
32,2006,200,7,43.7562
32,2006,202,7,43.5074
32,2006,206,7,43.3781
32,2006,209,7,43.9917
32,2006,212,7,43.9987
32,2006,214,7,43.9108
32,2006,216,7,43.3153
32,2006,224,7,42.935
32,2006,227,7,43.1516
32,2006,229,7,41.9339
32,2006,233,7,42.4982
32,2006,235,7,42.5388
32,2006,237,7,42.1968
32,2006,243,7,42.0974
32,2006,245,7,42.2401
32,2006,249,7,42.3043
32,2006,251,7,42.2693
1,2007,163,1,28.9233
1,2007,166,1,26.8098
1,2007,170,1,27.3578
1,2007,171,1,25.3877
1,2007,173,1,34.6004
1,2007,176,1,38.9853
1,2007,178,1,40.124
1,2007,180,1,39.46
1,2007,183,1,34.7067
1,2007,187,1,30.7802
1,2007,190,1,27.6568
1,2007,192,1,23.7074
1,2007,194,1,23.6899
1,2007,197,1,22.3315
1,2007,199,1,39.5612
1,2007,201,1,38.0403
1,2007,204,1,33.0503
1,2007,211,1,34.5465
1,2007,213,1,30.6047
1,2007,215,1,27.4775
1,2007,218,1,26.2729
1,2007,220,1,22.8585
1,2007,222,1,22.9439
1,2007,225,1,21.5462
1,2007,227,1,23.5384
1,2007,229,1,24.1194
1,2007,236,1,26.0886
1,2007,242,1,24.5595
1,2007,247,1,21.2249
1,2007,249,1,20.4362
1,2007,254,1,35.7007
1,2007,256,1,33.5617
4,2007,163,1,24.2425
4,2007,166,1,22.722
4,2007,170,1,22.5101
4,2007,171,1,22.3657
4,2007,173,1,29.1854
4,2007,176,1,37.1397
4,2007,178,1,34.3476
4,2007,180,1,40.4129
4,2007,183,1,34.3622
4,2007,187,1,29.2696
4,2007,190,1,21.5744
4,2007,192,1,20.2232
4,2007,194,1,18.6072
4,2007,197,1,16.9387
4,2007,199,1,35.1243
4,2007,201,1,33.9218
4,2007,204,1,25.9082
4,2007,211,1,24.8607
4,2007,213,1,21.8563
4,2007,215,1,19.8941
4,2007,218,1,21.2945
4,2007,220,1,18.7893
4,2007,222,1,17.776
4,2007,225,1,16.9847
4,2007,227,1,18.3522
4,2007,229,1,18.8432
4,2007,236,1,20.9567
4,2007,242,1,20.8139
4,2007,247,1,17.9278
4,2007,249,1,17.1865
4,2007,254,1,33.2326
4,2007,256,1,31.0075
10,2007,163,1,26.3763
10,2007,166,1,26.3919
10,2007,170,1,26.4798
10,2007,171,1,26.4136
10,2007,173,1,32.2782
10,2007,176,1,36.6363
10,2007,178,1,35.5205
10,2007,180,1,37.0701
10,2007,183,1,32.39
10,2007,187,1,29.1612
10,2007,190,1,25.6261
10,2007,192,1,24.905
10,2007,194,1,23.9144
10,2007,197,1,22.6049
10,2007,199,1,37.1871
10,2007,201,1,36.4833
10,2007,204,1,31.3593
10,2007,211,1,31.0485
10,2007,213,1,27.6537
10,2007,215,1,24.9764
10,2007,218,1,23.3659
10,2007,220,1,21.7495
10,2007,222,1,20.3552
10,2007,225,1,19.3797
10,2007,227,1,21.0434
10,2007,229,1,21.3094
10,2007,236,1,23.0431
10,2007,242,1,21.7417
10,2007,247,1,19.1488
10,2007,249,1,18.3755
10,2007,254,1,31.9371
10,2007,256,1,29.5702
11,2007,163,1,30.8479
11,2007,166,1,30.0502
11,2007,170,1,29.1309
11,2007,171,1,29.6535
11,2007,173,1,34.9575
11,2007,176,1,38.8692
11,2007,178,1,38.9084
11,2007,180,1,39.1928
11,2007,183,1,35.7578
11,2007,187,1,31.9601
11,2007,190,1,27.4152
11,2007,192,1,26.3425
11,2007,194,1,25.17
11,2007,197,1,23.2921
11,2007,199,1,39.3789
11,2007,201,1,38.2007
11,2007,204,1,32.2358
11,2007,211,1,32.9158
11,2007,213,1,29.0419
11,2007,215,1,22.7092
11,2007,218,1,24.4491
11,2007,220,1,23.79
11,2007,222,1,22.4554
11,2007,225,1,21.0722
11,2007,227,1,22.7522
11,2007,229,1,23.132
11,2007,236,1,26.1084
11,2007,242,1,23.4034
11,2007,247,1,20.6496
11,2007,249,1,19.8525
11,2007,254,1,35.3714
11,2007,256,1,34.006
1,2007,163,2,40.9351
1,2007,166,2,40.4402
1,2007,170,2,39.5609
1,2007,171,2,38.4636
1,2007,173,2,39.9514
1,2007,176,2,43.6677
1,2007,178,2,43.6607
1,2007,180,2,43.7034
1,2007,183,2,42.3732
1,2007,187,2,40.8571
1,2007,190,2,39.0026
1,2007,192,2,34.3304
1,2007,194,2,34.3311
1,2007,197,2,32.6463
1,2007,199,2,42.6551
1,2007,201,2,41.9982
1,2007,204,2,40.2923
1,2007,211,2,41.4998
1,2007,213,2,40.3078
1,2007,215,2,38.1249
1,2007,218,2,35.912
1,2007,220,2,33.5546
1,2007,222,2,32.3436
1,2007,225,2,29.8932
1,2007,227,2,30.2256
1,2007,229,2,30.2196
1,2007,236,2,31.1866
1,2007,242,2,30.3774
1,2007,247,2,28.6715
1,2007,249,2,28.0637
1,2007,254,2,40.6758
1,2007,256,2,40.4245
4,2007,163,2,40.437
4,2007,166,2,38.8508
4,2007,170,2,36.378
4,2007,171,2,35.6195
4,2007,173,2,39.5257
4,2007,176,2,43.8759
4,2007,178,2,43.0753
4,2007,180,2,44.0423
4,2007,183,2,41.9782
4,2007,187,2,36.2709
4,2007,190,2,28.3282
4,2007,192,2,25.6184
4,2007,194,2,23.4505
4,2007,197,2,20.8903
4,2007,199,2,34.7582
4,2007,201,2,34.099
4,2007,204,2,30.0289
4,2007,211,2,29.67
4,2007,213,2,26.4608
4,2007,215,2,24.5747
4,2007,218,2,27.9328
4,2007,220,2,22.4854
4,2007,222,2,21.6122
4,2007,225,2,20.3037
4,2007,227,2,21.3039
4,2007,229,2,21.2357
4,2007,236,2,22.994
4,2007,242,2,22.1979
4,2007,247,2,20.2147
4,2007,249,2,20.0378
4,2007,254,2,34.8858
4,2007,256,2,34.8475
10,2007,163,2,37.2516
10,2007,166,2,37.0942
10,2007,170,2,35.7316
10,2007,171,2,35.2374
10,2007,173,2,37.1576
10,2007,176,2,40.2555
10,2007,178,2,40.1983
10,2007,180,2,39.7379
10,2007,183,2,39.0153
10,2007,187,2,37.5169
10,2007,190,2,34.8049
10,2007,192,2,33.2145
10,2007,194,2,31.7261
10,2007,197,2,29.5499
10,2007,199,2,39.0803
10,2007,201,2,38.5207
10,2007,204,2,35.734
10,2007,211,2,35.2742
10,2007,213,2,33.2134
10,2007,215,2,30.9948
10,2007,218,2,28.8926
10,2007,220,2,27.1346
10,2007,222,2,26.07
10,2007,225,2,24.4656
10,2007,227,2,25.0943
10,2007,229,2,25.0268
10,2007,236,2,25.9577
10,2007,242,2,25.2761
10,2007,247,2,23.8497
10,2007,249,2,23.304
10,2007,254,2,33.4469
10,2007,256,2,33.1524
11,2007,163,2,36.5952
11,2007,166,2,36.6902
11,2007,170,2,35.7148
11,2007,171,2,36.0661
11,2007,173,2,37.1013
11,2007,176,2,40.0173
11,2007,178,2,40.6805
11,2007,180,2,40.2116
11,2007,183,2,38.9394
11,2007,187,2,37.4442
11,2007,190,2,34.8324
11,2007,192,2,33.2327
11,2007,194,2,32.0002
11,2007,197,2,29.7856
11,2007,199,2,39.7964
11,2007,201,2,38.3004
11,2007,204,2,35.4674
11,2007,211,2,34.8843
11,2007,213,2,33.0454
11,2007,215,2,31.2585
11,2007,218,2,29.8298
11,2007,220,2,28.7711
11,2007,222,2,27.862
11,2007,225,2,25.9303
11,2007,227,2,26.4551
11,2007,229,2,26.5384
11,2007,236,2,29.116
11,2007,242,2,26.5288
11,2007,247,2,24.7451
11,2007,249,2,23.9816
11,2007,254,2,35.7006
11,2007,256,2,35.4136
1,2007,163,3,41.2932
1,2007,166,3,41.0766
1,2007,170,3,41.1908
1,2007,171,3,40.3805
1,2007,173,3,40.7241
1,2007,176,3,41.9977
1,2007,178,3,42.7419
1,2007,180,3,41.9003
1,2007,183,3,41.5817
1,2007,187,3,41.2363
1,2007,190,3,40.3918
1,2007,192,3,38.6235
1,2007,194,3,37.3803
1,2007,197,3,35.4748
1,2007,199,3,39.6143
1,2007,201,3,39.8733
1,2007,204,3,39.3966
1,2007,211,3,40.495
1,2007,213,3,40.4472
1,2007,215,3,39.8548
1,2007,218,3,38.8498
1,2007,220,3,37.1952
1,2007,222,3,36.5571
1,2007,225,3,34.2898
1,2007,227,3,34.2812
1,2007,229,3,34.0071
1,2007,236,3,33.9294
1,2007,242,3,33.3928
1,2007,247,3,32.2212
1,2007,249,3,31.8369
1,2007,254,3,39.2324
1,2007,256,3,39.3358
4,2007,163,3,42.4246
4,2007,166,3,42.3298
4,2007,170,3,41.7186
4,2007,171,3,41.4195
4,2007,173,3,41.8274
4,2007,176,3,42.753
4,2007,178,3,42.0401
4,2007,180,3,42.8851
4,2007,183,3,41.8733
4,2007,187,3,40.2556
4,2007,190,3,35.2529
4,2007,192,3,31.6966
4,2007,194,3,28.8772
4,2007,197,3,25.5073
4,2007,199,3,35.8288
4,2007,201,3,35.2896
4,2007,204,3,33.338
4,2007,211,3,34.3251
4,2007,213,3,32.3043
4,2007,215,3,30.5826
4,2007,218,3,33.5859
4,2007,220,3,28.4029
4,2007,222,3,27.0225
4,2007,225,3,25.346
4,2007,227,3,26.4399
4,2007,229,3,26.3109
4,2007,236,3,27.5068
4,2007,242,3,26.496
4,2007,247,3,24.6872
4,2007,249,3,24.4195
4,2007,254,3,36.7315
4,2007,256,3,36.5697
10,2007,163,3,37.624
10,2007,166,3,37.6613
10,2007,170,3,36.9506
10,2007,171,3,36.6531
10,2007,173,3,36.5917
10,2007,176,3,38.5717
10,2007,178,3,38.2224
10,2007,180,3,38.2248
10,2007,183,3,38.0954
10,2007,187,3,37.8162
10,2007,190,3,36.5993
10,2007,192,3,35.4476
10,2007,194,3,34.1612
10,2007,197,3,31.8866
10,2007,199,3,37.0604
10,2007,201,3,37.0015
10,2007,204,3,36.1419
10,2007,211,3,35.7812
10,2007,213,3,34.9344
10,2007,215,3,33.6157
10,2007,218,3,32.1503
10,2007,220,3,30.6992
10,2007,222,3,29.7865
10,2007,225,3,28.2074
10,2007,227,3,28.1595
10,2007,229,3,28.1153
10,2007,236,3,28.1498
10,2007,242,3,27.6927
10,2007,247,3,26.9372
10,2007,249,3,26.7693
10,2007,254,3,32.3798
10,2007,256,3,32.6059
11,2007,163,3,38.3475
11,2007,166,3,38.7283
11,2007,170,3,38.2883
11,2007,171,3,38.0656
11,2007,173,3,38.436
11,2007,176,3,39.859
11,2007,178,3,39.8462
11,2007,180,3,39.699
11,2007,183,3,39.3548
11,2007,187,3,39.0926
11,2007,190,3,38.4724
11,2007,192,3,37.713
11,2007,194,3,36.8993
11,2007,197,3,35.1848
11,2007,199,3,37.1172
11,2007,201,3,36.7205
11,2007,204,3,36.3149
11,2007,211,3,36.4737
11,2007,213,3,36.0156
11,2007,215,3,35.4047
11,2007,218,3,34.3243
11,2007,220,3,33.914
11,2007,222,3,33.092
11,2007,225,3,31.2342
11,2007,227,3,31.2137
11,2007,229,3,31.2353
11,2007,236,3,33.3813
11,2007,242,3,30.7547
11,2007,247,3,29.8584
11,2007,249,3,29.233
11,2007,254,3,34.06
11,2007,256,3,34.2128
1,2007,163,4,42.987
1,2007,166,4,42.5351
1,2007,170,4,42.7885
1,2007,171,4,42.3804
1,2007,173,4,42.6049
1,2007,176,4,43.7105
1,2007,178,4,43.9455
1,2007,180,4,43.4985
1,2007,183,4,43.1092
1,2007,187,4,42.9466
1,2007,190,4,42.3019
1,2007,192,4,41.3935
1,2007,194,4,40.1679
1,2007,197,4,38.0486
1,2007,199,4,40.025
1,2007,201,4,40.0536
1,2007,204,4,39.7746
1,2007,211,4,40.8188
1,2007,213,4,40.9065
1,2007,215,4,40.4676
1,2007,218,4,40.1381
1,2007,220,4,39.518
1,2007,222,4,39.0798
1,2007,225,4,36.9261
1,2007,227,4,36.6967
1,2007,229,4,36.2968
1,2007,236,4,36.3281
1,2007,242,4,35.4381
1,2007,247,4,34.5419
1,2007,249,4,34.1446
1,2007,254,4,38.5971
1,2007,256,4,38.888
4,2007,163,4,44.8606
4,2007,166,4,45.0328
4,2007,170,4,44.8795
4,2007,171,4,45.0489
4,2007,173,4,44.7522
4,2007,176,4,45.0881
4,2007,178,4,44.8382
4,2007,180,4,44.5456
4,2007,183,4,44.5148
4,2007,187,4,44.3589
4,2007,190,4,42.8305
4,2007,192,4,40.6712
4,2007,194,4,37.5467
4,2007,197,4,32.0314
4,2007,199,4,41.5268
4,2007,201,4,41.1858
4,2007,204,4,40.5144
4,2007,211,4,41.4326
4,2007,213,4,40.0415
4,2007,215,4,38.5504
4,2007,218,4,38.0355
4,2007,220,4,34.9148
4,2007,222,4,32.1502
4,2007,225,4,29.9693
4,2007,227,4,30.594
4,2007,229,4,30.4357
4,2007,236,4,30.9406
4,2007,242,4,29.8816
4,2007,247,4,27.8508
4,2007,249,4,27.4084
4,2007,254,4,39.012
4,2007,256,4,38.9403
10,2007,163,4,37.0231
10,2007,166,4,37.0833
10,2007,170,4,36.7124
10,2007,171,4,36.2435
10,2007,173,4,36.2017
10,2007,176,4,37.7168
10,2007,178,4,37.6119
10,2007,180,4,37.4435
10,2007,183,4,37.3649
10,2007,187,4,37.0666
10,2007,190,4,36.4518
10,2007,192,4,35.7443
10,2007,194,4,34.7595
10,2007,197,4,32.8022
10,2007,199,4,35.8139
10,2007,201,4,35.7992
10,2007,204,4,35.0635
10,2007,211,4,34.9187
10,2007,213,4,34.5225
10,2007,215,4,33.7884
10,2007,218,4,32.6918
10,2007,220,4,32.1271
10,2007,222,4,31.1672
10,2007,225,4,29.4935
10,2007,227,4,29.356
10,2007,229,4,29.2042
10,2007,236,4,29.2069
10,2007,242,4,28.5219
10,2007,247,4,28.1016
10,2007,249,4,27.9335
10,2007,254,4,29.9334
10,2007,256,4,30.402
11,2007,163,4,40.4136
11,2007,166,4,40.565
11,2007,170,4,40.714
11,2007,171,4,39.8709
11,2007,173,4,40.6134
11,2007,176,4,40.8897
11,2007,178,4,41.8795
11,2007,180,4,41.1472
11,2007,183,4,40.9675
11,2007,187,4,40.8029
11,2007,190,4,40.5975
11,2007,192,4,40.1907
11,2007,194,4,39.9112
11,2007,197,4,39.0448
11,2007,199,4,39.4381
11,2007,201,4,39.0404
11,2007,204,4,38.7578
11,2007,211,4,38.9087
11,2007,213,4,38.9971
11,2007,215,4,38.549
11,2007,218,4,38.122
11,2007,220,4,37.422
11,2007,222,4,37.0721
11,2007,225,4,35.4099
11,2007,227,4,35.4002
11,2007,229,4,35.3469
11,2007,236,4,37.3198
11,2007,242,4,34.5722
11,2007,247,4,33.7923
11,2007,249,4,33.1417
11,2007,254,4,34.6594
11,2007,256,4,34.7895
1,2007,163,5,44.2358
1,2007,166,5,43.7503
1,2007,170,5,44.6288
1,2007,171,5,43.8028
1,2007,173,5,43.982
1,2007,176,5,44.5786
1,2007,178,5,44.8164
1,2007,180,5,44.3332
1,2007,183,5,44.1237
1,2007,187,5,44.2074
1,2007,190,5,43.4939
1,2007,192,5,42.586
1,2007,194,5,41.727
1,2007,197,5,39.4391
1,2007,199,5,40.7786
1,2007,201,5,40.4731
1,2007,204,5,40.1377
1,2007,211,5,40.3398
1,2007,213,5,40.4817
1,2007,215,5,40.3251
1,2007,218,5,40.1982
1,2007,220,5,40.0337
1,2007,222,5,39.5324
1,2007,225,5,37.9612
1,2007,227,5,37.7627
1,2007,229,5,37.3546
1,2007,236,5,37.2493
1,2007,242,5,36.4027
1,2007,247,5,35.6491
1,2007,249,5,35.2748
1,2007,254,5,36.3342
1,2007,256,5,36.4801
4,2007,163,5,45.2693
4,2007,166,5,45.431
4,2007,170,5,45.3853
4,2007,171,5,45.4782
4,2007,173,5,45.4321
4,2007,176,5,45.2575
4,2007,178,5,45.5949
4,2007,180,5,44.9436
4,2007,183,5,45.1117
4,2007,187,5,45.1625
4,2007,190,5,44.7652
4,2007,192,5,44.1749
4,2007,194,5,42.9678
4,2007,197,5,38.4553
4,2007,199,5,43.5557
4,2007,201,5,43.3523
4,2007,204,5,42.8858
4,2007,211,5,43.5324
4,2007,213,5,42.5414
4,2007,215,5,42.0498
4,2007,218,5,40.1575
4,2007,220,5,39.0368
4,2007,222,5,36.8146
4,2007,225,5,34.2888
4,2007,227,5,34.3551
4,2007,229,5,33.8924
4,2007,236,5,33.7968
4,2007,242,5,32.6082
4,2007,247,5,30.8834
4,2007,249,5,30.3447
4,2007,254,5,37.8049
4,2007,256,5,37.8327
10,2007,163,5,37.9782
10,2007,166,5,38.1688
10,2007,170,5,38.0017
10,2007,171,5,37.7714
10,2007,173,5,37.7543
10,2007,176,5,38.5815
10,2007,178,5,37.2325
10,2007,180,5,38.3486
10,2007,183,5,38.1506
10,2007,187,5,38.0711
10,2007,190,5,37.6426
10,2007,192,5,37.0562
10,2007,194,5,36.5272
10,2007,197,5,34.6754
10,2007,199,5,37.4031
10,2007,201,5,37.204
10,2007,204,5,36.7643
10,2007,211,5,36.3715
10,2007,213,5,36.0317
10,2007,215,5,35.367
10,2007,218,5,34.0777
10,2007,220,5,32.9259
10,2007,222,5,32.0313
10,2007,225,5,29.92
10,2007,227,5,29.4158
10,2007,229,5,29.5094
10,2007,236,5,29.177
10,2007,242,5,28.2677
10,2007,247,5,27.7757
10,2007,249,5,27.5865
10,2007,254,5,28.332
10,2007,256,5,28.6717
11,2007,163,5,40.3607
11,2007,166,5,41.1287
11,2007,170,5,41.079
11,2007,171,5,41.1516
11,2007,173,5,40.5021
11,2007,176,5,41.5707
11,2007,178,5,42.7621
11,2007,180,5,40.7508
11,2007,183,5,40.6797
11,2007,187,5,40.5742
11,2007,190,5,40.7354
11,2007,192,5,40.4587
11,2007,194,5,40.14
11,2007,197,5,39.6017
11,2007,199,5,39.7181
11,2007,201,5,39.2973
11,2007,204,5,38.9319
11,2007,211,5,38.8099
11,2007,213,5,39.1608
11,2007,215,5,38.6831
11,2007,218,5,38.6537
11,2007,220,5,38.2605
11,2007,222,5,38.0567
11,2007,225,5,36.4471
11,2007,227,5,36.3059
11,2007,229,5,36.3604
11,2007,236,5,36.0946
11,2007,242,5,35.3241
11,2007,247,5,34.5409
11,2007,249,5,34.0015
11,2007,254,5,34.3541
11,2007,256,5,34.2955
1,2007,163,6,45.2954
1,2007,166,6,44.9432
1,2007,170,6,46.0457
1,2007,171,6,45.6137
1,2007,173,6,45.3467
1,2007,176,6,45.6515
1,2007,178,6,45.6876
1,2007,180,6,45.5386
1,2007,183,6,45.172
1,2007,187,6,45.3196
1,2007,190,6,44.7623
1,2007,192,6,44.3985
1,2007,194,6,43.799
1,2007,197,6,42.7059
1,2007,199,6,43.2993
1,2007,201,6,42.939
1,2007,204,6,42.8416
1,2007,211,6,42.7881
1,2007,213,6,42.872
1,2007,215,6,42.7877
1,2007,218,6,42.7172
1,2007,220,6,42.5659
1,2007,222,6,42.4577
1,2007,225,6,41.4333
1,2007,227,6,41.2312
1,2007,229,6,40.9733
1,2007,236,6,40.5513
1,2007,242,6,40.2134
1,2007,247,6,39.4686
1,2007,249,6,39.0403
1,2007,254,6,39.1809
1,2007,256,6,39.1751
4,2007,163,6,45.102
4,2007,166,6,45.5138
4,2007,170,6,45.5883
4,2007,171,6,45.4832
4,2007,173,6,45.384
4,2007,176,6,45.4639
4,2007,178,6,45.6567
4,2007,180,6,44.7161
4,2007,183,6,45.2069
4,2007,187,6,45.1327
4,2007,190,6,44.7991
4,2007,192,6,44.5002
4,2007,194,6,44.3006
4,2007,197,6,42.2831
4,2007,199,6,44.2009
4,2007,201,6,43.6869
4,2007,204,6,43.243
4,2007,211,6,43.6935
4,2007,213,6,42.9729
4,2007,215,6,43.2144
4,2007,218,6,41.2647
4,2007,220,6,40.7349
4,2007,222,6,39.0556
4,2007,225,6,36.7094
4,2007,227,6,36.4592
4,2007,229,6,35.9583
4,2007,236,6,36.0775
4,2007,242,6,34.6666
4,2007,247,6,33.0379
4,2007,249,6,32.4882
4,2007,254,6,37.4786
4,2007,256,6,37.1716
10,2007,163,6,41.1205
10,2007,166,6,41.3899
10,2007,170,6,41.386
10,2007,171,6,41.126
10,2007,173,6,40.9863
10,2007,176,6,41.5345
10,2007,178,6,39.7067
10,2007,180,6,41.4123
10,2007,183,6,41.1948
10,2007,187,6,41.1475
10,2007,190,6,40.7355
10,2007,192,6,39.9922
10,2007,194,6,39.3255
10,2007,197,6,37.9848
10,2007,199,6,40.2043
10,2007,201,6,39.9307
10,2007,204,6,39.3282
10,2007,211,6,39.1877
10,2007,213,6,38.838
10,2007,215,6,38.248
10,2007,218,6,37.0506
10,2007,220,6,35.5497
10,2007,222,6,34.316
10,2007,225,6,31.6329
10,2007,227,6,31.0239
10,2007,229,6,30.8515
10,2007,236,6,30.1789
10,2007,242,6,29.1572
10,2007,247,6,28.3476
10,2007,249,6,27.9535
10,2007,254,6,28.712
10,2007,256,6,28.8575
11,2007,163,6,42.7546
11,2007,166,6,43.4125
11,2007,170,6,43.4372
11,2007,171,6,43.3111
11,2007,173,6,42.6588
11,2007,176,6,43.5979
11,2007,178,6,43.4939
11,2007,180,6,42.814
11,2007,183,6,43.0376
11,2007,187,6,42.9765
11,2007,190,6,42.794
11,2007,192,6,42.6818
11,2007,194,6,42.6922
11,2007,197,6,42.3698
11,2007,199,6,42.3998
11,2007,201,6,42.0093
11,2007,204,6,41.7904
11,2007,211,6,41.8498
11,2007,213,6,41.6516
11,2007,215,6,41.5125
11,2007,218,6,41.6916
11,2007,220,6,41.6115
11,2007,222,6,41.463
11,2007,225,6,40.5788
11,2007,227,6,40.5686
11,2007,229,6,40.5495
11,2007,236,6,40.8423
11,2007,242,6,39.7092
11,2007,247,6,39.3101
11,2007,249,6,38.7801
11,2007,254,6,38.4906
11,2007,256,6,38.452
1,2007,163,7,44.7555
1,2007,166,7,44.5192
1,2007,170,7,45.0685
1,2007,171,7,45.0344
1,2007,173,7,44.7369
1,2007,176,7,45.1131
1,2007,178,7,44.9636
1,2007,180,7,45.0488
1,2007,183,7,44.6732
1,2007,187,7,45.0385
1,2007,190,7,44.4634
1,2007,192,7,44.5444
1,2007,194,7,43.9897
1,2007,197,7,43.1586
1,2007,199,7,43.4639
1,2007,201,7,43.1289
1,2007,204,7,42.9771
1,2007,211,7,42.6949
1,2007,213,7,42.8674
1,2007,215,7,42.7472
1,2007,218,7,42.7969
1,2007,220,7,42.7482
1,2007,222,7,42.4867
1,2007,225,7,41.9393
1,2007,227,7,41.7999
1,2007,229,7,41.6803
1,2007,236,7,41.4759
1,2007,242,7,41.2572
1,2007,247,7,40.8518
1,2007,249,7,40.4259
1,2007,254,7,40.1315
1,2007,256,7,40.1739
4,2007,163,7,45.4928
4,2007,166,7,45.7091
4,2007,170,7,45.5932
4,2007,171,7,45.6193
4,2007,173,7,45.5741
4,2007,176,7,45.0763
4,2007,178,7,46.1695
4,2007,180,7,44.8164
4,2007,183,7,45.4188
4,2007,187,7,45.3778
4,2007,190,7,45.2907
4,2007,192,7,45.0384
4,2007,194,7,44.8804
4,2007,197,7,43.9263
4,2007,199,7,44.6722
4,2007,201,7,44.2989
4,2007,204,7,43.7438
4,2007,211,7,43.9408
4,2007,213,7,43.3873
4,2007,215,7,43.7482
4,2007,218,7,41.73
4,2007,220,7,42.2826
4,2007,222,7,40.8623
4,2007,225,7,38.6637
4,2007,227,7,38.1393
4,2007,229,7,37.8728
4,2007,236,7,37.7738
4,2007,242,7,36.4952
4,2007,247,7,35.0253
4,2007,249,7,34.4567
4,2007,254,7,37.2173
4,2007,256,7,37.1826
10,2007,163,7,43.6104
10,2007,166,7,43.0645
10,2007,170,7,44.1445
10,2007,171,7,42.6032
10,2007,173,7,43.4747
10,2007,176,7,42.5363
10,2007,178,7,44.0279
10,2007,180,7,43.7533
10,2007,183,7,43.6517
10,2007,187,7,43.7448
10,2007,190,7,43.5498
10,2007,192,7,43.263
10,2007,194,7,43.0876
10,2007,197,7,42.5103
10,2007,199,7,43.5779
10,2007,201,7,43.1116
10,2007,204,7,42.9072
10,2007,211,7,42.7069
10,2007,213,7,42.5847
10,2007,215,7,42.3843
10,2007,218,7,41.8085
10,2007,220,7,40.9669
10,2007,222,7,39.6169
10,2007,225,7,36.9029
10,2007,227,7,36.1705
10,2007,229,7,35.9306
10,2007,236,7,34.8513
10,2007,242,7,33.46
10,2007,247,7,32.184
10,2007,249,7,31.6898
10,2007,254,7,32.5334
10,2007,256,7,32.8579
11,2007,163,7,42.0374
11,2007,166,7,42.6468
11,2007,170,7,42.3668
11,2007,171,7,42.5444
11,2007,173,7,41.965
11,2007,176,7,42.62
11,2007,178,7,43.0051
11,2007,180,7,42.185
11,2007,183,7,42.2169
11,2007,187,7,42.2258
11,2007,190,7,42.1664
11,2007,192,7,41.9454
11,2007,194,7,41.9941
11,2007,197,7,41.676
11,2007,199,7,41.714
11,2007,201,7,41.3876
11,2007,204,7,41.0736
11,2007,211,7,41.1032
11,2007,213,7,40.8884
11,2007,215,7,40.7695
11,2007,218,7,40.6746
11,2007,220,7,40.6621
11,2007,222,7,40.5247
11,2007,225,7,39.8848
11,2007,227,7,39.749
11,2007,229,7,39.847
11,2007,236,7,39.9482
11,2007,242,7,39.2433
11,2007,247,7,39.1283
11,2007,249,7,38.7871
11,2007,254,7,38.5139
11,2007,256,7,38.5626
17,2008,205,1,35.2148
17,2008,207,1,28.6823
17,2008,210,1,23.7962
17,2008,213,1,28.1788
17,2008,219,1,21.1518
17,2008,221,1,19.6512
17,2008,224,1,18.4435
17,2008,226,1,18.1685
17,2008,228,1,18.2267
17,2008,231,1,16.8474
17,2008,233,1,16.9741
17,2008,239,1,17.0757
17,2008,242,1,19.7931
17,2008,249,1,35.2682
17,2008,253,1,NA
17,2008,261,1,38.8466
17,2008,263,1,37.4431
17,2008,267,1,40.082
17,2008,270,1,36.5107
17,2008,275,1,34.8932
17,2008,278,1,29.7576
24,2008,205,1,30.7773
24,2008,207,1,23.9897
24,2008,210,1,19.2925
24,2008,213,1,26.9121
24,2008,219,1,19.1083
24,2008,221,1,17.3628
24,2008,224,1,16.3184
24,2008,226,1,15.7763
24,2008,228,1,18.6436
24,2008,231,1,15.1288
24,2008,233,1,14.8158
24,2008,239,1,14.8116
24,2008,242,1,18.9558
24,2008,249,1,NA
24,2008,253,1,36.5547
24,2008,261,1,38.4027
24,2008,263,1,38.3589
24,2008,267,1,39.0574
24,2008,270,1,38.2346
24,2008,275,1,37.5948
24,2008,278,1,34.3442
25,2008,205,1,34.4424
25,2008,207,1,28.3943
25,2008,210,1,22.8847
25,2008,213,1,29.198
25,2008,219,1,23.0695
25,2008,221,1,20.9205
25,2008,224,1,NA
25,2008,226,1,19.456
25,2008,228,1,19.4218
25,2008,231,1,18.468
25,2008,233,1,17.7686
25,2008,239,1,18.8173
25,2008,242,1,23.4653
25,2008,249,1,32.6436
25,2008,253,1,35.3826
25,2008,261,1,37.3662
25,2008,263,1,36.4974
25,2008,267,1,36.8249
25,2008,270,1,36.7215
25,2008,275,1,34.0224
25,2008,278,1,31.7878
32,2008,205,1,36.9812
32,2008,207,1,29.8927
32,2008,210,1,24.2312
32,2008,213,1,32.9065
32,2008,219,1,23.5352
32,2008,221,1,21.2279
32,2008,224,1,20.2164
32,2008,226,1,19.9202
32,2008,228,1,19.542
32,2008,231,1,18.8447
32,2008,233,1,18.6357
32,2008,239,1,18.4863
32,2008,242,1,22.1704
32,2008,249,1,37.3717
32,2008,253,1,38.8101
32,2008,261,1,39.4843
32,2008,263,1,40.4628
32,2008,267,1,40.3821
32,2008,270,1,39.3044
32,2008,275,1,38.6213
32,2008,278,1,36.2956
17,2008,205,2,42.7452
17,2008,207,2,40.4861
17,2008,210,2,35.2047
17,2008,213,2,33.998
17,2008,219,2,28.4873
17,2008,221,2,27.064
17,2008,224,2,24.9456
17,2008,226,2,24.6947
17,2008,228,2,25.2864
17,2008,231,2,23.5254
17,2008,233,2,23.4003
17,2008,239,2,22.5787
17,2008,242,2,23.3188
17,2008,249,2,40.2442
17,2008,253,2,NA
17,2008,261,2,43.2094
17,2008,263,2,42.3789
17,2008,267,2,44.6081
17,2008,270,2,42.6264
17,2008,275,2,45.0453
17,2008,278,2,40.9943
24,2008,205,2,32.8268
24,2008,207,2,28.3632
24,2008,210,2,22.5982
24,2008,213,2,25.9118
24,2008,219,2,19.9485
24,2008,221,2,18.9927
24,2008,224,2,18.0187
24,2008,226,2,17.9941
24,2008,228,2,20.6949
24,2008,231,2,17.0895
24,2008,233,2,16.8952
24,2008,239,2,16.3566
24,2008,242,2,17.5561
24,2008,249,2,NA
24,2008,253,2,38.8426
24,2008,261,2,42.6002
24,2008,263,2,43.0168
24,2008,267,2,42.8515
24,2008,270,2,42.3107
24,2008,275,2,42.7571
24,2008,278,2,41.8987
25,2008,205,2,39.7551
25,2008,207,2,37.9012
25,2008,210,2,31.4245
25,2008,213,2,30.4694
25,2008,219,2,28.0859
25,2008,221,2,25.7363
25,2008,224,2,NA
25,2008,226,2,23.6669
25,2008,228,2,23.3604
25,2008,231,2,22.3547
25,2008,233,2,21.9831
25,2008,239,2,22.1501
25,2008,242,2,24.1826
25,2008,249,2,42.1663
25,2008,253,2,39.7499
25,2008,261,2,45.8397
25,2008,263,2,40.9911
25,2008,267,2,40.7675
25,2008,270,2,41.7329
25,2008,275,2,40.1728
25,2008,278,2,39.8651
32,2008,205,2,41.4334
32,2008,207,2,39.3598
32,2008,210,2,34.1676
32,2008,213,2,34.234
32,2008,219,2,29.5992
32,2008,221,2,27.0866
32,2008,224,2,25.8013
32,2008,226,2,25.0513
32,2008,228,2,23.974
32,2008,231,2,22.9061
32,2008,233,2,22.998
32,2008,239,2,21.6996
32,2008,242,2,22.0955
32,2008,249,2,41.6671
32,2008,253,2,42.2483
32,2008,261,2,43.2715
32,2008,263,2,44.3784
32,2008,267,2,43.3379
32,2008,270,2,43.143
32,2008,275,2,43.3638
32,2008,278,2,42.8118
17,2008,205,3,41.722
17,2008,207,3,41.437
17,2008,210,3,40.1702
17,2008,213,3,38.5224
17,2008,219,3,32.5317
17,2008,221,3,30.5078
17,2008,224,3,28.0944
17,2008,226,3,27.6177
17,2008,228,3,27.1795
17,2008,231,3,26.4273
17,2008,233,3,26.3538
17,2008,239,3,25.5096
17,2008,242,3,26.1344
17,2008,249,3,39.5216
17,2008,253,3,NA
17,2008,261,3,41.803
17,2008,263,3,41.7276
17,2008,267,3,43.1287
17,2008,270,3,41.3975
17,2008,275,3,43.6318
17,2008,278,3,41.135
24,2008,205,3,38.3313
24,2008,207,3,35.6991
24,2008,210,3,29.3006
24,2008,213,3,28.963
24,2008,219,3,24.5656
24,2008,221,3,23.4362
24,2008,224,3,22.41
24,2008,226,3,22.2214
24,2008,228,3,25.5283
24,2008,231,3,21.1429
24,2008,233,3,21.0054
24,2008,239,3,20.4583
24,2008,242,3,20.9861
24,2008,249,3,25.1736
24,2008,253,3,38.4416
24,2008,261,3,40.5808
24,2008,263,3,41.0704
24,2008,267,3,40.9892
24,2008,270,3,40.8277
24,2008,275,3,40.7966
24,2008,278,3,40.5277
25,2008,205,3,38.2381
25,2008,207,3,37.5885
25,2008,210,3,35.5985
25,2008,213,3,33.6774
25,2008,219,3,31.0552
25,2008,221,3,28.9884
25,2008,224,3,NA
25,2008,226,3,27.0179
25,2008,228,3,26.3203
25,2008,231,3,25.5167
25,2008,233,3,25.0405
25,2008,239,3,24.7231
25,2008,242,3,25.8189
25,2008,249,3,38.9983
25,2008,253,3,37.1256
25,2008,261,3,43.2535
25,2008,263,3,38.5152
25,2008,267,3,38.4461
25,2008,270,3,39.2028
25,2008,275,3,38.2048
25,2008,278,3,38.1615
32,2008,205,3,40.9353
32,2008,207,3,40.9036
32,2008,210,3,40.0946
32,2008,213,3,39.3418
32,2008,219,3,36.4921
32,2008,221,3,33.6896
32,2008,224,3,31.5566
32,2008,226,3,30.7708
32,2008,228,3,29.8643
32,2008,231,3,28.3265
32,2008,233,3,28.3767
32,2008,239,3,27.0146
32,2008,242,3,27.4553
32,2008,249,3,40.7279
32,2008,253,3,40.897
32,2008,261,3,41.7661
32,2008,263,3,42.8359
32,2008,267,3,41.2076
32,2008,270,3,41.1678
32,2008,275,3,41.5215
32,2008,278,3,40.9688
17,2008,205,4,43.2567
17,2008,207,4,43.1618
17,2008,210,4,43.3192
17,2008,213,4,42.5979
17,2008,219,4,39.226
17,2008,221,4,35.878
17,2008,224,4,32.5456
17,2008,226,4,31.3155
17,2008,228,4,30.0046
17,2008,231,4,29.0853
17,2008,233,4,28.5832
17,2008,239,4,28.0847
17,2008,242,4,28.7144
17,2008,249,4,41.6771
17,2008,253,4,NA
17,2008,261,4,43.4185
17,2008,263,4,43.5066
17,2008,267,4,44.8514
17,2008,270,4,43.1699
17,2008,275,4,NA
17,2008,278,4,42.6708
24,2008,205,4,43.439
24,2008,207,4,43.1461
24,2008,210,4,40.7043
24,2008,213,4,37.3103
24,2008,219,4,32.2988
24,2008,221,4,30.1743
24,2008,224,4,27.8112
24,2008,226,4,26.9959
24,2008,228,4,30.8931
24,2008,231,4,24.8393
24,2008,233,4,24.5981
24,2008,239,4,23.8247
24,2008,242,4,24.5459
24,2008,249,4,NA
24,2008,253,4,41.6702
24,2008,261,4,43.0369
24,2008,263,4,43.5163
24,2008,267,4,42.9667
24,2008,270,4,43.3205
24,2008,275,4,43.1414
24,2008,278,4,42.9745
25,2008,205,4,41.4809
25,2008,207,4,41.3698
25,2008,210,4,40.8955
25,2008,213,4,40.4347
25,2008,219,4,36.2605
25,2008,221,4,32.4679
25,2008,224,4,NA
25,2008,226,4,28.6422
25,2008,228,4,27.4604
25,2008,231,4,26.3239
25,2008,233,4,25.8189
25,2008,239,4,25.0573
25,2008,242,4,26.037
25,2008,249,4,39.2817
25,2008,253,4,38.2917
25,2008,261,4,45.1049
25,2008,263,4,41.1906
25,2008,267,4,41.1587
25,2008,270,4,42.0809
25,2008,275,4,41.0589
25,2008,278,4,41.0589
32,2008,205,4,41.248
32,2008,207,4,41.1643
32,2008,210,4,41.1783
32,2008,213,4,41.1056
32,2008,219,4,40.2667
32,2008,221,4,38.6235
32,2008,224,4,36.1144
32,2008,226,4,34.9629
32,2008,228,4,33.7349
32,2008,231,4,32.1876
32,2008,233,4,31.8325
32,2008,239,4,30.1298
32,2008,242,4,30.1607
32,2008,249,4,40.9541
32,2008,253,4,40.9451
32,2008,261,4,42.0305
32,2008,263,4,44.0123
32,2008,267,4,41.2977
32,2008,270,4,41.2476
32,2008,275,4,41.4291
32,2008,278,4,41.0964
17,2008,205,5,43.2355
17,2008,207,5,43.0881
17,2008,210,5,43.0747
17,2008,213,5,43.0367
17,2008,219,5,42.426
17,2008,221,5,41.0749
17,2008,224,5,38.6397
17,2008,226,5,37.0757
17,2008,228,5,34.8221
17,2008,231,5,33.8036
17,2008,233,5,33.3036
17,2008,239,5,32.5211
17,2008,242,5,32.6875
17,2008,249,5,42.4846
17,2008,253,5,NA
17,2008,261,5,43.5061
17,2008,263,5,43.6757
17,2008,267,5,44.8933
17,2008,270,5,43.2122
17,2008,275,5,45.2109
17,2008,278,5,42.9304
24,2008,205,5,44.2217
24,2008,207,5,44.0297
24,2008,210,5,44.0087
24,2008,213,5,42.8171
24,2008,219,5,40.1544
24,2008,221,5,37.0464
24,2008,224,5,33.9202
24,2008,226,5,32.307
24,2008,228,5,36.9732
24,2008,231,5,28.8199
24,2008,233,5,27.9766
24,2008,239,5,26.687
24,2008,242,5,26.7938
24,2008,249,5,NA
24,2008,253,5,42.4715
24,2008,261,5,44.1417
24,2008,263,5,44.7058
24,2008,267,5,44.0605
24,2008,270,5,44.1738
24,2008,275,5,44.0467
24,2008,278,5,43.9825
25,2008,205,5,42.9771
25,2008,207,5,42.7996
25,2008,210,5,42.8415
25,2008,213,5,42.7362
25,2008,219,5,42.0463
25,2008,221,5,37.8786
25,2008,224,5,NA
25,2008,226,5,31.5713
25,2008,228,5,29.6272
25,2008,231,5,28.1655
25,2008,233,5,27.2749
25,2008,239,5,26.3941
25,2008,242,5,27.6226
25,2008,249,5,39.4405
25,2008,253,5,39.1441
25,2008,261,5,NA
25,2008,263,5,42.9551
25,2008,267,5,42.9339
25,2008,270,5,43.8128
25,2008,275,5,42.7362
25,2008,278,5,42.7777
32,2008,205,5,41.8888
32,2008,207,5,41.7354
32,2008,210,5,41.891
32,2008,213,5,41.8375
32,2008,219,5,41.5725
32,2008,221,5,41.4895
32,2008,224,5,41.024
32,2008,226,5,40.6246
32,2008,228,5,39.4997
32,2008,231,5,38.2016
32,2008,233,5,37.7866
32,2008,239,5,35.8417
32,2008,242,5,36.0112
32,2008,249,5,41.492
32,2008,253,5,41.5221
32,2008,261,5,42.2177
32,2008,263,5,43.8006
32,2008,267,5,41.8794
32,2008,270,5,41.8388
32,2008,275,5,41.8377
32,2008,278,5,41.1451
17,2008,205,6,42.9416
17,2008,207,6,42.6602
17,2008,210,6,42.8789
17,2008,213,6,42.7543
17,2008,219,6,42.4735
17,2008,221,6,42.0226
17,2008,224,6,41.483
17,2008,226,6,41.1256
17,2008,228,6,39.3176
17,2008,231,6,38.322
17,2008,233,6,37.4244
17,2008,239,6,36.4489
17,2008,242,6,36.6074
17,2008,249,6,42.1029
17,2008,253,6,NA
17,2008,261,6,43.1458
17,2008,263,6,43.2125
17,2008,267,6,44.224
17,2008,270,6,42.8153
17,2008,275,6,45.1273
17,2008,278,6,42.5043
24,2008,205,6,44.3379
24,2008,207,6,44.241
24,2008,210,6,44.2729
24,2008,213,6,43.9058
24,2008,219,6,43.8393
24,2008,221,6,42.6173
24,2008,224,6,40.5835
24,2008,226,6,38.6846
24,2008,228,6,43.5054
24,2008,231,6,34.2758
24,2008,233,6,33.1253
24,2008,239,6,31.3494
24,2008,242,6,31.7894
24,2008,249,6,NA
24,2008,253,6,43.6037
24,2008,261,6,44.3216
24,2008,263,6,44.9962
24,2008,267,6,44.7068
24,2008,270,6,44.3757
24,2008,275,6,44.2363
24,2008,278,6,44.2581
25,2008,205,6,43.6367
25,2008,207,6,43.5213
25,2008,210,6,43.5537
25,2008,213,6,43.4469
25,2008,219,6,43.8095
25,2008,221,6,42.9775
25,2008,224,6,NA
25,2008,226,6,38.7297
25,2008,228,6,35.9049
25,2008,231,6,33.7594
25,2008,233,6,32.2492
25,2008,239,6,30.9477
25,2008,242,6,32.2615
25,2008,249,6,39.1161
25,2008,253,6,40.5892
25,2008,261,6,48.2572
25,2008,263,6,43.7299
25,2008,267,6,43.6556
25,2008,270,6,44.5449
25,2008,275,6,43.5186
25,2008,278,6,43.5919
32,2008,205,6,42.1442
32,2008,207,6,42.1548
32,2008,210,6,42.1452
32,2008,213,6,42.1859
32,2008,219,6,41.9692
32,2008,221,6,41.9278
32,2008,224,6,41.7851
32,2008,226,6,41.8776
32,2008,228,6,41.8987
32,2008,231,6,41.3285
32,2008,233,6,41.2178
32,2008,239,6,40.3943
32,2008,242,6,40.3947
32,2008,249,6,41.7353
32,2008,253,6,41.7448
32,2008,261,6,42.65
32,2008,263,6,44.6946
32,2008,267,6,42.1861
32,2008,270,6,42.1142
32,2008,275,6,42.1647
32,2008,278,6,42.0732
17,2008,205,7,42.4643
17,2008,207,7,42.2981
17,2008,210,7,42.3933
17,2008,213,7,42.3716
17,2008,219,7,42.1232
17,2008,221,7,41.929
17,2008,224,7,41.7854
17,2008,226,7,42.0429
17,2008,228,7,41.7423
17,2008,231,7,41.3809
17,2008,233,7,40.8267
17,2008,239,7,40.381
17,2008,242,7,40.4702
17,2008,249,7,41.7662
17,2008,253,7,NA
17,2008,261,7,42.654
17,2008,263,7,43.0875
17,2008,267,7,43.7216
17,2008,270,7,42.3407
17,2008,275,7,43.9229
17,2008,278,7,41.9603
24,2008,205,7,44.1652
24,2008,207,7,44.3361
24,2008,210,7,44.1226
24,2008,213,7,43.995
24,2008,219,7,43.9845
24,2008,221,7,43.8253
24,2008,224,7,43.3935
24,2008,226,7,42.7636
24,2008,228,7,44.4806
24,2008,231,7,38.7458
24,2008,233,7,37.4392
24,2008,239,7,34.9204
24,2008,242,7,35.2532
24,2008,249,7,NA
24,2008,253,7,43.538
24,2008,261,7,44.1611
24,2008,263,7,44.9763
24,2008,267,7,44.7145
24,2008,270,7,44.2783
24,2008,275,7,44.1185
24,2008,278,7,44.023
25,2008,205,7,43.5842
25,2008,207,7,43.5636
25,2008,210,7,43.4688
25,2008,213,7,43.4049
25,2008,219,7,43.8509
25,2008,221,7,43.1857
25,2008,224,7,NA
25,2008,226,7,43.0229
25,2008,228,7,41.3524
25,2008,231,7,39.232
25,2008,233,7,37.6032
25,2008,239,7,35.6947
25,2008,242,7,36.8807
25,2008,249,7,40.3752
25,2008,253,7,40.2975
25,2008,261,7,NA
25,2008,263,7,43.772
25,2008,267,7,43.677
25,2008,270,7,44.6188
25,2008,275,7,43.5605
25,2008,278,7,43.6338
32,2008,205,7,42.3003
32,2008,207,7,42.2892
32,2008,210,7,42.1135
32,2008,213,7,42.2683
32,2008,219,7,42.1548
32,2008,221,7,42.1235
32,2008,224,7,42.0111
32,2008,226,7,42.1448
32,2008,228,7,42.239
32,2008,231,7,41.8674
32,2008,233,7,41.6942
32,2008,239,7,41.3285
32,2008,242,7,41.1963
32,2008,249,7,41.9694
32,2008,253,7,41.7656
32,2008,261,7,42.7539
32,2008,263,7,46.168
32,2008,267,7,42.2882
32,2008,270,7,42.2161
32,2008,275,7,42.2264
32,2008,278,7,42.2166
1,2009,174,1,39.1994
1,2009,177,1,32.0434
1,2009,181,1,26.042
1,2009,183,1,25.1347
1,2009,187,1,39.7715
1,2009,189,1,40.2377
1,2009,191,1,40.0618
1,2009,194,1,37.5725
1,2009,196,1,41.0866
1,2009,198,1,36.4514
1,2009,201,1,28.0374
1,2009,203,1,24.4313
1,2009,205,1,24.0732
1,2009,208,1,33.9465
1,2009,210,1,38.4176
1,2009,212,1,32.7539
1,2009,215,1,25.5711
1,2009,219,1,36.1452
1,2009,222,1,30.888
1,2009,224,1,26.5282
1,2009,227,1,22.7419
1,2009,229,1,32.0577
1,2009,232,1,39.4891
1,2009,236,1,39.4469
1,2009,238,1,38.6331
1,2009,243,1,38.3943
1,2009,245,1,37.0009
1,2009,247,1,33.9578
1,2009,250,1,30.4666
1,2009,252,1,29.8447
1,2009,254,1,28.6176
1,2009,258,1,25.611
1,2009,260,1,24.1452
4,2009,174,1,38.3415
4,2009,177,1,32.7995
4,2009,181,1,24.109
4,2009,183,1,22.7399
4,2009,187,1,35.9672
4,2009,189,1,38.1984
4,2009,191,1,37.8388
4,2009,194,1,34.4722
4,2009,196,1,37.9895
4,2009,198,1,33.8364
4,2009,201,1,25.0521
4,2009,203,1,21.3707
4,2009,205,1,19.5619
4,2009,208,1,28.8411
4,2009,210,1,30.9765
4,2009,212,1,28.3005
4,2009,215,1,21.8755
4,2009,219,1,30.604
4,2009,222,1,25.4657
4,2009,224,1,21.7116
4,2009,227,1,18.7332
4,2009,229,1,37.9411
4,2009,232,1,37.9589
4,2009,236,1,36.4539
4,2009,238,1,38.4004
4,2009,243,1,39.6483
4,2009,245,1,32.6069
4,2009,247,1,30.8582
4,2009,250,1,27.8189
4,2009,252,1,25.5491
4,2009,254,1,24.6286
4,2009,258,1,21.5083
4,2009,260,1,20.2845
10,2009,174,1,40.9083
10,2009,177,1,34.3625
10,2009,181,1,30.0091
10,2009,183,1,29.1127
10,2009,187,1,38.4314
10,2009,189,1,39.5352
10,2009,191,1,40.5345
10,2009,194,1,37.3158
10,2009,196,1,40.6982
10,2009,198,1,36.1772
10,2009,201,1,30.0852
10,2009,203,1,27.2151
10,2009,205,1,25.6647
10,2009,208,1,31.9045
10,2009,210,1,34.2575
10,2009,212,1,30.2529
10,2009,215,1,25.785
10,2009,219,1,29.5301
10,2009,222,1,25.0634
10,2009,224,1,22.9103
10,2009,227,1,20.3028
10,2009,229,1,25.9427
10,2009,232,1,37.6175
10,2009,236,1,37.1808
10,2009,238,1,34.7879
10,2009,243,1,35.0196
10,2009,245,1,NA
10,2009,247,1,30.4785
10,2009,250,1,26.0862
10,2009,252,1,NA
10,2009,254,1,23.5006
10,2009,258,1,19.5918
10,2009,260,1,20.0118
11,2009,174,1,39.5288
11,2009,177,1,36.0765
11,2009,181,1,33.0249
11,2009,183,1,31.6335
11,2009,187,1,39.205
11,2009,189,1,40.1248
11,2009,191,1,39.6414
11,2009,194,1,37.7782
11,2009,196,1,40.439
11,2009,198,1,37.4996
11,2009,201,1,30.9984
11,2009,203,1,27.4643
11,2009,205,1,25.5703
11,2009,208,1,36.2884
11,2009,210,1,37.9488
11,2009,212,1,34.1116
11,2009,215,1,28.0308
11,2009,219,1,36.7467
11,2009,222,1,32.434
11,2009,224,1,28.5521
11,2009,227,1,21.7555
11,2009,229,1,34.1985
11,2009,232,1,40.1619
11,2009,236,1,39.3641
11,2009,238,1,38.8478
11,2009,243,1,38.2002
11,2009,245,1,37.3168
11,2009,247,1,NA
11,2009,250,1,33.4407
11,2009,252,1,32.1708
11,2009,254,1,29.6429
11,2009,258,1,26.8456
11,2009,260,1,25.404
1,2009,174,2,41.9545
1,2009,177,2,41.6605
1,2009,181,2,39.0117
1,2009,183,2,37.9218
1,2009,187,2,42.341
1,2009,189,2,41.5417
1,2009,191,2,41.853
1,2009,194,2,41.6869
1,2009,196,2,41.4944
1,2009,198,2,40.7785
1,2009,201,2,38.074
1,2009,203,2,34.4883
1,2009,205,2,32.5297
1,2009,208,2,37.1117
1,2009,210,2,37.5922
1,2009,212,2,35.4096
1,2009,215,2,31.014
1,2009,219,2,37.7324
1,2009,222,2,35.9216
1,2009,224,2,32.3038
1,2009,227,2,28.4231
1,2009,229,2,32.885
1,2009,232,2,40.638
1,2009,236,2,41.0483
1,2009,238,2,41.3265
1,2009,243,2,40.8542
1,2009,245,2,40.8538
1,2009,247,2,39.8593
1,2009,250,2,38.1902
1,2009,252,2,37.6133
1,2009,254,2,36.591
1,2009,258,2,32.3368
1,2009,260,2,30.9316
4,2009,174,2,43.1601
4,2009,177,2,43.0162
4,2009,181,2,41.2019
4,2009,183,2,40.4043
4,2009,187,2,42.7019
4,2009,189,2,43.0435
4,2009,191,2,42.6255
4,2009,194,2,42.7026
4,2009,196,2,44.3614
4,2009,198,2,41.1777
4,2009,201,2,37.8843
4,2009,203,2,32.8512
4,2009,205,2,29.2015
4,2009,208,2,34.5308
4,2009,210,2,32.816
4,2009,212,2,32.1479
4,2009,215,2,27.1928
4,2009,219,2,33.8286
4,2009,222,2,30.8526
4,2009,224,2,27.6301
4,2009,227,2,24.7
4,2009,229,2,40.2092
4,2009,232,2,39.2457
4,2009,236,2,39.1151
4,2009,238,2,40.0747
4,2009,243,2,41.7541
4,2009,245,2,37.0489
4,2009,247,2,35.764
4,2009,250,2,34.4919
4,2009,252,2,32.5211
4,2009,254,2,31.3841
4,2009,258,2,27.1121
4,2009,260,2,25.8968
10,2009,174,2,41.5887
10,2009,177,2,41.5515
10,2009,181,2,40.4013
10,2009,183,2,39.9881
10,2009,187,2,41.1769
10,2009,189,2,41.3682
10,2009,191,2,41.5998
10,2009,194,2,41.7313
10,2009,196,2,41.5111
10,2009,198,2,41.0235
10,2009,201,2,40.1912
10,2009,203,2,39.1937
10,2009,205,2,37.1453
10,2009,208,2,38.6227
10,2009,210,2,37.807
10,2009,212,2,37.2383
10,2009,215,2,33.8067
10,2009,219,2,34.98
10,2009,222,2,31.6865
10,2009,224,2,29.399
10,2009,227,2,25.8576
10,2009,229,2,27.3424
10,2009,232,2,39.6738
10,2009,236,2,40.3156
10,2009,238,2,39.4694
10,2009,243,2,39.6045
10,2009,245,2,NA
10,2009,247,2,38.6961
10,2009,250,2,33.2153
10,2009,252,2,NA
10,2009,254,2,29.8668
10,2009,258,2,24.8006
10,2009,260,2,25.3247
11,2009,174,2,40.2754
11,2009,177,2,40.1229
11,2009,181,2,39.5359
11,2009,183,2,38.3487
11,2009,187,2,39.8107
11,2009,189,2,40.0726
11,2009,191,2,40.1736
11,2009,194,2,40.1093
11,2009,196,2,39.7994
11,2009,198,2,39.5736
11,2009,201,2,37.991
11,2009,203,2,35.9194
11,2009,205,2,33.8238
11,2009,208,2,38.4645
11,2009,210,2,37.0086
11,2009,212,2,36.0186
11,2009,215,2,32.3137
11,2009,219,2,37.4074
11,2009,222,2,35.3019
11,2009,224,2,32.0309
11,2009,227,2,31.1891
11,2009,229,2,30.2975
11,2009,232,2,39.934
11,2009,236,2,39.5222
11,2009,238,2,39.3237
11,2009,243,2,39.4103
11,2009,245,2,39.1638
11,2009,247,2,NA
11,2009,250,2,38.0047
11,2009,252,2,37.3226
11,2009,254,2,34.5334
11,2009,258,2,31.9815
11,2009,260,2,30.1122
1,2009,174,3,40.549
1,2009,177,3,40.7433
1,2009,181,3,40.1834
1,2009,183,3,39.8409
1,2009,187,3,40.9892
1,2009,189,3,40.2033
1,2009,191,3,40.4877
1,2009,194,3,40.6627
1,2009,196,3,40.4946
1,2009,198,3,40.0441
1,2009,201,3,39.7007
1,2009,203,3,38.7767
1,2009,205,3,37.4193
1,2009,208,3,37.9882
1,2009,210,3,38.8878
1,2009,212,3,36.9587
1,2009,215,3,33.7679
1,2009,219,3,37.4592
1,2009,222,3,36.8541
1,2009,224,3,34.8862
1,2009,227,3,32.1798
1,2009,229,3,34.771
1,2009,232,3,39.3237
1,2009,236,3,39.972
1,2009,238,3,40.3425
1,2009,243,3,40.0204
1,2009,245,3,40.268
1,2009,247,3,39.5705
1,2009,250,3,39.5636
1,2009,252,3,39.2023
1,2009,254,3,39.0152
1,2009,258,3,37.074
1,2009,260,3,36.0795
4,2009,174,3,41.8778
4,2009,177,3,42.0247
4,2009,181,3,41.6196
4,2009,183,3,41.5556
4,2009,187,3,41.6708
4,2009,189,3,41.8469
4,2009,191,3,41.8361
4,2009,194,3,42.1579
4,2009,196,3,42.7459
4,2009,198,3,41.5881
4,2009,201,3,41.2465
4,2009,203,3,40.8159
4,2009,205,3,39.9263
4,2009,208,3,40.176
4,2009,210,3,39.1771
4,2009,212,3,39.2514
4,2009,215,3,35.0209
4,2009,219,3,38.8583
4,2009,222,3,36.9644
4,2009,224,3,34.8338
4,2009,227,3,31.2994
4,2009,229,3,NA
4,2009,232,3,40.4653
4,2009,236,3,40.2735
4,2009,238,3,40.8437
4,2009,243,3,40.6302
4,2009,245,3,39.4802
4,2009,247,3,39.2096
4,2009,250,3,38.5973
4,2009,252,3,37.4111
4,2009,254,3,36.4629
4,2009,258,3,33.6154
4,2009,260,3,32.8254
10,2009,174,3,39.6795
10,2009,177,3,39.6467
10,2009,181,3,39.3383
10,2009,183,3,39.3868
10,2009,187,3,39.4681
10,2009,189,3,39.5876
10,2009,191,3,39.7308
10,2009,194,3,39.9904
10,2009,196,3,39.819
10,2009,198,3,39.5072
10,2009,201,3,39.6166
10,2009,203,3,39.7476
10,2009,205,3,39.093
10,2009,208,3,39.154
10,2009,210,3,38.7598
10,2009,212,3,38.6076
10,2009,215,3,37.3456
10,2009,219,3,37.1084
10,2009,222,3,34.896
10,2009,224,3,32.8213
10,2009,227,3,29.5383
10,2009,229,3,30.2811
10,2009,232,3,37.4889
10,2009,236,3,38.4342
10,2009,238,3,37.9013
10,2009,243,3,38.1681
10,2009,245,3,NA
10,2009,247,3,38.4192
10,2009,250,3,35.9598
10,2009,252,3,NA
10,2009,254,3,33.6437
10,2009,258,3,29.3229
10,2009,260,3,29.9537
11,2009,174,3,38.8019
11,2009,177,3,39.0829
11,2009,181,3,39.119
11,2009,183,3,38.375
11,2009,187,3,38.7901
11,2009,189,3,38.6554
11,2009,191,3,38.8485
11,2009,194,3,39.0829
11,2009,196,3,38.8281
11,2009,198,3,39.0096
11,2009,201,3,38.6204
11,2009,203,3,37.5091
11,2009,205,3,36.6644
11,2009,208,3,37.5402
11,2009,210,3,37.1785
11,2009,212,3,36.6215
11,2009,215,3,34.7572
11,2009,219,3,36.7273
11,2009,222,3,36.2268
11,2009,224,3,34.7587
11,2009,227,3,32.2069
11,2009,229,3,33.0496
11,2009,232,3,38.2506
11,2009,236,3,38.359
11,2009,238,3,38.6208
11,2009,243,3,37.9992
11,2009,245,3,38.009
11,2009,247,3,NA
11,2009,250,3,37.9248
11,2009,252,3,38.5257
11,2009,254,3,36.7948
11,2009,258,3,35.3929
11,2009,260,3,34.5467
1,2009,174,4,41.1675
1,2009,177,4,41.3329
1,2009,181,4,41.0675
1,2009,183,4,40.7655
1,2009,187,4,42.3337
1,2009,189,4,40.7761
1,2009,191,4,41.0938
1,2009,194,4,41.3293
1,2009,196,4,41.0058
1,2009,198,4,40.7817
1,2009,201,4,40.4053
1,2009,203,4,39.2261
1,2009,205,4,38.1936
1,2009,208,4,37.744
1,2009,210,4,38.3445
1,2009,212,4,36.4746
1,2009,215,4,33.5985
1,2009,219,4,36.1349
1,2009,222,4,35.457
1,2009,224,4,33.7064
1,2009,227,4,31.6958
1,2009,229,4,33.2744
1,2009,232,4,38.1471
1,2009,236,4,39.7598
1,2009,238,4,40.4744
1,2009,243,4,40.0877
1,2009,245,4,40.2266
1,2009,247,4,39.4713
1,2009,250,4,39.9427
1,2009,252,4,38.9174
1,2009,254,4,38.9164
1,2009,258,4,37.2576
1,2009,260,4,36.3703
4,2009,174,4,42.2633
4,2009,177,4,42.2206
4,2009,181,4,41.9285
4,2009,183,4,42.0124
4,2009,187,4,42.0543
4,2009,189,4,42.1791
4,2009,191,4,42.0757
4,2009,194,4,42.1489
4,2009,196,4,42.1573
4,2009,198,4,42.117
4,2009,201,4,41.7129
4,2009,203,4,41.4431
4,2009,205,4,41.1141
4,2009,208,4,41.0312
4,2009,210,4,40.6061
4,2009,212,4,40.9491
4,2009,215,4,37.8341
4,2009,219,4,39.9614
4,2009,222,4,37.8671
4,2009,224,4,35.9061
4,2009,227,4,32.538
4,2009,229,4,NA
4,2009,232,4,40.4358
4,2009,236,4,40.1057
4,2009,238,4,41.838
4,2009,243,4,40.875
4,2009,245,4,39.4684
4,2009,247,4,39.1669
4,2009,250,4,37.9379
4,2009,252,4,37.104
4,2009,254,4,36.2076
4,2009,258,4,33.957
4,2009,260,4,33.3756
10,2009,174,4,40.4974
10,2009,177,4,40.4838
10,2009,181,4,40.1501
10,2009,183,4,40.0275
10,2009,187,4,40.2521
10,2009,189,4,40.2825
10,2009,191,4,40.4352
10,2009,194,4,40.7627
10,2009,196,4,40.6005
10,2009,198,4,40.2315
10,2009,201,4,40.3816
10,2009,203,4,40.5826
10,2009,205,4,39.8788
10,2009,208,4,39.9289
10,2009,210,4,39.4605
10,2009,212,4,39.2851
10,2009,215,4,38.4484
10,2009,219,4,38.2256
10,2009,222,4,37.0137
10,2009,224,4,35.6037
10,2009,227,4,32.1677
10,2009,229,4,32.5391
10,2009,232,4,36.9142
10,2009,236,4,38.0174
10,2009,238,4,37.4353
10,2009,243,4,38.0251
10,2009,245,4,NA
10,2009,247,4,39.0284
10,2009,250,4,36.7689
10,2009,252,4,NA
10,2009,254,4,35.3334
10,2009,258,4,31.9479
10,2009,260,4,32.6813
11,2009,174,4,40.3069
11,2009,177,4,40.3575
11,2009,181,4,40.7119
11,2009,183,4,39.9262
11,2009,187,4,40.3297
11,2009,189,4,40.0251
11,2009,191,4,40.0851
11,2009,194,4,40.4397
11,2009,196,4,40.1057
11,2009,198,4,40.3001
11,2009,201,4,40.0663
11,2009,203,4,39.4249
11,2009,205,4,38.8543
11,2009,208,4,39.0423
11,2009,210,4,38.8134
11,2009,212,4,38.5579
11,2009,215,4,37.7336
11,2009,219,4,38.0904
11,2009,222,4,38.2189
11,2009,224,4,37.1608
11,2009,227,4,34.9517
11,2009,229,4,34.8543
11,2009,232,4,39.5415
11,2009,236,4,39.555
11,2009,238,4,39.8167
11,2009,243,4,39.45
11,2009,245,4,39.197
11,2009,247,4,NA
11,2009,250,4,38.9213
11,2009,252,4,38.5825
11,2009,254,4,38.1592
11,2009,258,4,37.8547
11,2009,260,4,37.0477
1,2009,174,5,43.3567
1,2009,177,5,43.5834
1,2009,181,5,43.4091
1,2009,183,5,43.2804
1,2009,187,5,44.4907
1,2009,189,5,43.2773
1,2009,191,5,43.1524
1,2009,194,5,43.5609
1,2009,196,5,43.2795
1,2009,198,5,43.4259
1,2009,201,5,43.2768
1,2009,203,5,42.9119
1,2009,205,5,42.6794
1,2009,208,5,42.5546
1,2009,210,5,43.2484
1,2009,212,5,41.9234
1,2009,215,5,38.3431
1,2009,219,5,39.884
1,2009,222,5,39.3936
1,2009,224,5,37.6154
1,2009,227,5,34.713
1,2009,229,5,36.1698
1,2009,232,5,39.4769
1,2009,236,5,41.8052
1,2009,238,5,42.1711
1,2009,243,5,42.3194
1,2009,245,5,42.6038
1,2009,247,5,41.6034
1,2009,250,5,41.3301
1,2009,252,5,41.705
1,2009,254,5,41.6506
1,2009,258,5,39.9684
1,2009,260,5,39.3165
4,2009,174,5,42.6265
4,2009,177,5,42.699
4,2009,181,5,42.5087
4,2009,183,5,42.4341
4,2009,187,5,42.4254
4,2009,189,5,42.4248
4,2009,191,5,42.4131
4,2009,194,5,42.7587
4,2009,196,5,43.9839
4,2009,198,5,42.6869
4,2009,201,5,42.4307
4,2009,203,5,42.423
4,2009,205,5,42.2758
4,2009,208,5,42.2152
4,2009,210,5,42.2763
4,2009,212,5,43.0251
4,2009,215,5,41.8595
4,2009,219,5,41.9468
4,2009,222,5,41.5121
4,2009,224,5,40.4642
4,2009,227,5,37.5168
4,2009,229,5,NA
4,2009,232,5,41.7594
4,2009,236,5,41.5088
4,2009,238,5,42.7034
4,2009,243,5,41.8236
4,2009,245,5,41.0063
4,2009,247,5,41.1088
4,2009,250,5,40.2566
4,2009,252,5,39.8691
4,2009,254,5,39.223
4,2009,258,5,37.5538
4,2009,260,5,36.816
10,2009,174,5,41.6159
10,2009,177,5,41.6772
10,2009,181,5,41.3149
10,2009,183,5,41.1597
10,2009,187,5,41.377
10,2009,189,5,41.2745
10,2009,191,5,41.5043
10,2009,194,5,42.288
10,2009,196,5,41.5676
10,2009,198,5,41.3354
10,2009,201,5,41.4381
10,2009,203,5,41.6548
10,2009,205,5,41.1601
10,2009,208,5,41.2941
10,2009,210,5,40.9661
10,2009,212,5,41.0002
10,2009,215,5,40.3666
10,2009,219,5,40.2649
10,2009,222,5,39.2843
10,2009,224,5,37.6414
10,2009,227,5,32.91
10,2009,229,5,32.4419
10,2009,232,5,37.1137
10,2009,236,5,38.0791
10,2009,238,5,37.6288
10,2009,243,5,38.2757
10,2009,245,5,NA
10,2009,247,5,40.3291
10,2009,250,5,37.2325
10,2009,252,5,NA
10,2009,254,5,35.6478
10,2009,258,5,32.6496
10,2009,260,5,32.6347
11,2009,174,5,42.9194
11,2009,177,5,42.9514
11,2009,181,5,43.2352
11,2009,183,5,42.4771
11,2009,187,5,42.699
11,2009,189,5,42.4145
11,2009,191,5,42.5817
11,2009,194,5,42.7831
11,2009,196,5,42.6025
11,2009,198,5,42.5953
11,2009,201,5,42.8637
11,2009,203,5,42.5183
11,2009,205,5,42.2904
11,2009,208,5,42.5223
11,2009,210,5,42.4037
11,2009,212,5,42.2562
11,2009,215,5,41.7365
11,2009,219,5,41.8201
11,2009,222,5,42.3523
11,2009,224,5,41.8728
11,2009,227,5,39.4038
11,2009,229,5,39.0502
11,2009,232,5,42.0221
11,2009,236,5,42.0298
11,2009,238,5,42.227
11,2009,243,5,41.6588
11,2009,245,5,41.9599
11,2009,247,5,NA
11,2009,250,5,41.8325
11,2009,252,5,41.8299
11,2009,254,5,41.5813
11,2009,258,5,41.5459
11,2009,260,5,40.8918
1,2009,174,6,43.4042
1,2009,177,6,43.5614
1,2009,181,6,43.5052
1,2009,183,6,43.405
1,2009,187,6,44.3097
1,2009,189,6,43.3478
1,2009,191,6,43.4206
1,2009,194,6,43.5041
1,2009,196,6,43.4446
1,2009,198,6,43.4629
1,2009,201,6,43.5867
1,2009,203,6,43.1093
1,2009,205,6,43.1371
1,2009,208,6,43.307
1,2009,210,6,45.0629
1,2009,212,6,42.3482
1,2009,215,6,42.2781
1,2009,219,6,42.5398
1,2009,222,6,42.7814
1,2009,224,6,40.913
1,2009,227,6,37.7911
1,2009,229,6,38.465
1,2009,232,6,39.7491
1,2009,236,6,42.22
1,2009,238,6,42.6395
1,2009,243,6,42.6555
1,2009,245,6,42.6354
1,2009,247,6,41.7766
1,2009,250,6,42.144
1,2009,252,6,41.8945
1,2009,254,6,42.0794
1,2009,258,6,40.3672
1,2009,260,6,39.9921
4,2009,174,6,42.8353
4,2009,177,6,42.9503
4,2009,181,6,42.7606
4,2009,183,6,42.7281
4,2009,187,6,42.6557
4,2009,189,6,42.7071
4,2009,191,6,42.6337
4,2009,194,6,42.9166
4,2009,196,6,43.8547
4,2009,198,6,42.7482
4,2009,201,6,42.6532
4,2009,203,6,42.6749
4,2009,205,6,42.5895
4,2009,208,6,42.5301
4,2009,210,6,42.5719
4,2009,212,6,43.451
4,2009,215,6,42.3269
4,2009,219,6,42.2353
4,2009,222,6,42.3081
4,2009,224,6,42.3902
4,2009,227,6,40.4272
4,2009,229,6,NA
4,2009,232,6,42.5151
4,2009,236,6,42.0964
4,2009,238,6,43.5486
4,2009,243,6,42.4509
4,2009,245,6,41.8238
4,2009,247,6,42.141
4,2009,250,6,41.1042
4,2009,252,6,40.9397
4,2009,254,6,40.7557
4,2009,258,6,39.6712
4,2009,260,6,39.1022
10,2009,174,6,43.9624
10,2009,177,6,43.9751
10,2009,181,6,43.6051
10,2009,183,6,43.5298
10,2009,187,6,43.6059
10,2009,189,6,43.4593
10,2009,191,6,43.6939
10,2009,194,6,44.3551
10,2009,196,6,43.7285
10,2009,198,6,43.5859
10,2009,201,6,43.6375
10,2009,203,6,43.8839
10,2009,205,6,43.4873
10,2009,208,6,43.6477
10,2009,210,6,43.4027
10,2009,212,6,43.713
10,2009,215,6,43.3168
10,2009,219,6,43.2635
10,2009,222,6,43.1157
10,2009,224,6,41.6013
10,2009,227,6,35.2697
10,2009,229,6,33.4659
10,2009,232,6,39.1111
10,2009,236,6,39.8206
10,2009,238,6,39.2128
10,2009,243,6,39.6563
10,2009,245,6,NA
10,2009,247,6,42.3672
10,2009,250,6,37.9729
10,2009,252,6,NA
10,2009,254,6,36.3554
10,2009,258,6,31.5863
10,2009,260,6,32.3716
11,2009,174,6,43.0233
11,2009,177,6,43.1953
11,2009,181,6,43.3317
11,2009,183,6,42.7909
11,2009,187,6,42.9292
11,2009,189,6,42.6975
11,2009,191,6,42.8557
11,2009,194,6,42.9294
11,2009,196,6,42.8551
11,2009,198,6,42.8146
11,2009,201,6,43.0042
11,2009,203,6,42.7699
11,2009,205,6,42.7715
11,2009,208,6,42.9643
11,2009,210,6,42.6649
11,2009,212,6,42.6871
11,2009,215,6,42.2768
11,2009,219,6,42.4448
11,2009,222,6,42.8375
11,2009,224,6,43.0375
11,2009,227,6,42.581
11,2009,229,6,41.4938
11,2009,232,6,42.5206
11,2009,236,6,42.4468
11,2009,238,6,42.5203
11,2009,243,6,42.1755
11,2009,245,6,42.2886
11,2009,247,6,NA
11,2009,250,6,42.0873
11,2009,252,6,42.0625
11,2009,254,6,41.8587
11,2009,258,6,42.2777
11,2009,260,6,41.7635
1,2009,174,7,43.8771
1,2009,177,7,44.2148
1,2009,181,7,44.0138
1,2009,183,7,43.8309
1,2009,187,7,44.8307
1,2009,189,7,43.7804
1,2009,191,7,43.9811
1,2009,194,7,44.3024
1,2009,196,7,43.9707
1,2009,198,7,44.0259
1,2009,201,7,44.0205
1,2009,203,7,43.8603
1,2009,205,7,43.9114
1,2009,208,7,43.873
1,2009,210,7,44.9649
1,2009,212,7,44.7567
1,2009,215,7,43.4378
1,2009,219,7,43.68
1,2009,222,7,44.3496
1,2009,224,7,43.3494
1,2009,227,7,41.5661
1,2009,229,7,41.4078
1,2009,232,7,41.8863
1,2009,236,7,43.0058
1,2009,238,7,43.1835
1,2009,243,7,42.9482
1,2009,245,7,42.832
1,2009,247,7,42.0725
1,2009,250,7,41.2685
1,2009,252,7,42.2992
1,2009,254,7,42.3162
1,2009,258,7,41.1819
1,2009,260,7,40.7582
4,2009,174,7,43.2812
4,2009,177,7,43.312
4,2009,181,7,43.1751
4,2009,183,7,43.2267
4,2009,187,7,43.0998
4,2009,189,7,43.194
4,2009,191,7,43.227
4,2009,194,7,43.5019
4,2009,196,7,44.1134
4,2009,198,7,43.1639
4,2009,201,7,43.0341
4,2009,203,7,43.2893
4,2009,205,7,43.0159
4,2009,208,7,43.1763
4,2009,210,7,43.2939
4,2009,212,7,43.8909
4,2009,215,7,43.1298
4,2009,219,7,42.9093
4,2009,222,7,42.9514
4,2009,224,7,43.2887
4,2009,227,7,42.3788
4,2009,229,7,NA
4,2009,232,7,43.4136
4,2009,236,7,42.7978
4,2009,238,7,44.0568
4,2009,243,7,42.7459
4,2009,245,7,42.6642
4,2009,247,7,42.979
4,2009,250,7,41.849
4,2009,252,7,41.965
4,2009,254,7,41.8636
4,2009,258,7,41.4935
4,2009,260,7,41.2077
10,2009,174,7,45.0256
10,2009,177,7,45.1022
10,2009,181,7,44.7293
10,2009,183,7,44.771
10,2009,187,7,44.8062
10,2009,189,7,44.6979
10,2009,191,7,44.8393
10,2009,194,7,45.0387
10,2009,196,7,44.8946
10,2009,198,7,44.7193
10,2009,201,7,44.7934
10,2009,203,7,45.056
10,2009,205,7,44.6619
10,2009,208,7,44.9462
10,2009,210,7,44.5764
10,2009,212,7,44.9366
10,2009,215,7,44.652
10,2009,219,7,44.7505
10,2009,222,7,44.858
10,2009,224,7,45.308
10,2009,227,7,41.7959
10,2009,229,7,39.1878
10,2009,232,7,42.6588
10,2009,236,7,42.908
10,2009,238,7,42.0849
10,2009,243,7,42.5378
10,2009,245,7,NA
10,2009,247,7,43.6828
10,2009,250,7,40.1243
10,2009,252,7,NA
10,2009,254,7,38.2734
10,2009,258,7,31.9479
10,2009,260,7,33.887
11,2009,174,7,42.4034
11,2009,177,7,42.6137
11,2009,181,7,42.8545
11,2009,183,7,42.2671
11,2009,187,7,42.4647
11,2009,189,7,42.2465
11,2009,191,7,42.4563
11,2009,194,7,42.4461
11,2009,196,7,42.392
11,2009,198,7,42.3104
11,2009,201,7,42.4861
11,2009,203,7,42.2768
11,2009,205,7,42.351
11,2009,208,7,42.4489
11,2009,210,7,42.3924
11,2009,212,7,42.414
11,2009,215,7,41.9859
11,2009,219,7,42.1524
11,2009,222,7,42.5244
11,2009,224,7,42.6297
11,2009,227,7,42.1235
11,2009,229,7,41.6625
11,2009,232,7,42.2813
11,2009,236,7,41.9983
11,2009,238,7,42.1345
11,2009,243,7,41.5639
11,2009,245,7,41.8017
11,2009,247,7,NA
11,2009,250,7,42.0059
11,2009,252,7,41.8002
11,2009,254,7,41.487
11,2009,258,7,41.9128
11,2009,260,7,41.5153
17,2010,167,1,42.0069
17,2010,169,1,36.2071
17,2010,175,1,40.108
17,2010,180,1,23.5143
17,2010,182,1,21.1397
17,2010,187,1,18.4944
17,2010,190,1,19.35
17,2010,193,1,18.5091
17,2010,195,1,18.2977
17,2010,197,1,20.765
17,2010,200,1,19.6377
17,2010,202,1,31.0788
17,2010,204,1,30.6901
17,2010,207,1,29.7012
17,2010,210,1,27.1575
17,2010,214,1,22.9218
17,2010,216,1,22.1815
17,2010,218,1,21.349
17,2010,221,1,20.6985
17,2010,223,1,21.0479
17,2010,228,1,22.4815
17,2010,230,1,20.8828
17,2010,232,1,20.6689
17,2010,234,1,27.902
17,2010,236,1,24.3737
17,2010,238,1,22.4461
17,2010,242,1,20.0355
17,2010,246,1,31.6462
17,2010,251,1,25.38
17,2010,253,1,23.7436
24,2010,167,1,41.8378
24,2010,169,1,33.5733
24,2010,175,1,36.9859
24,2010,180,1,17.6409
24,2010,182,1,15.743
24,2010,187,1,13.9049
24,2010,190,1,13.9002
24,2010,193,1,13.7913
24,2010,195,1,13.6294
24,2010,197,1,18.4272
24,2010,200,1,16.7568
24,2010,202,1,27.578
24,2010,204,1,27.5961
24,2010,207,1,26.3922
24,2010,210,1,21.5115
24,2010,214,1,16.2676
24,2010,216,1,15.3122
24,2010,218,1,14.9373
24,2010,221,1,14.6383
24,2010,223,1,14.5852
24,2010,228,1,15.8791
24,2010,230,1,14.9294
24,2010,232,1,14.6701
24,2010,234,1,22.1872
24,2010,236,1,18.487
24,2010,238,1,16.2216
24,2010,242,1,14.528
24,2010,246,1,27.3529
24,2010,251,1,19.3228
24,2010,253,1,18.3208
25,2010,167,1,40.3473
25,2010,169,1,32.7432
25,2010,175,1,35.6101
25,2010,180,1,22.6899
25,2010,182,1,20.4527
25,2010,187,1,17.6679
25,2010,190,1,18.204
25,2010,193,1,17.3708
25,2010,195,1,17.0273
25,2010,197,1,20.7797
25,2010,200,1,19.0294
25,2010,202,1,29.9231
25,2010,204,1,29.5316
25,2010,207,1,29.3377
25,2010,210,1,27.931
25,2010,214,1,22.0389
25,2010,216,1,20.5161
25,2010,218,1,19.7944
25,2010,221,1,18.503
25,2010,223,1,18.1962
25,2010,228,1,19.2881
25,2010,230,1,18.0351
25,2010,232,1,17.4965
25,2010,234,1,25.0615
25,2010,236,1,21.8006
25,2010,238,1,20.3365
25,2010,242,1,18.578
25,2010,246,1,29.5908
25,2010,251,1,23.4744
25,2010,253,1,23.2562
32,2010,167,1,40.8985
32,2010,169,1,36.7021
32,2010,175,1,40.6888
32,2010,180,1,24.6009
32,2010,182,1,21.7481
32,2010,187,1,18.0902
32,2010,190,1,17.9231
32,2010,193,1,17.2759
32,2010,195,1,17.3566
32,2010,197,1,22.8559
32,2010,200,1,20.1123
32,2010,202,1,33.4284
32,2010,204,1,32.985
32,2010,207,1,31.3493
32,2010,210,1,27.6453
32,2010,214,1,20.8878
32,2010,216,1,19.3456
32,2010,218,1,18.6018
32,2010,221,1,17.3041
32,2010,223,1,17.3055
32,2010,228,1,18.6036
32,2010,230,1,17.7497
32,2010,232,1,17.0521
32,2010,234,1,24.6202
32,2010,236,1,20.7264
32,2010,238,1,19.0176
32,2010,242,1,16.9973
32,2010,246,1,31.0155
32,2010,251,1,23.4299
32,2010,253,1,20.5851
17,2010,167,2,45.3367
17,2010,169,2,43.7184
17,2010,175,2,44.3829
17,2010,180,2,36.7993
17,2010,182,2,32.6668
17,2010,187,2,23.967
17,2010,190,2,23.0633
17,2010,193,2,21.3082
17,2010,195,2,20.7967
17,2010,197,2,23.9097
17,2010,200,2,22.8245
17,2010,202,2,34.3587
17,2010,204,2,34.7543
17,2010,207,2,35.4952
17,2010,210,2,34.4708
17,2010,214,2,30.8659
17,2010,216,2,30.1223
17,2010,218,2,27.6348
17,2010,221,2,26.2482
17,2010,223,2,26.0053
17,2010,228,2,27.5945
17,2010,230,2,26.0016
17,2010,232,2,25.9883
17,2010,234,2,32.5121
17,2010,236,2,31.4581
17,2010,238,2,29.6704
17,2010,242,2,26.2564
17,2010,246,2,35.594
17,2010,251,2,34.4052
17,2010,253,2,33.2276
24,2010,167,2,45.4561
24,2010,169,2,43.4653
24,2010,175,2,43.846
24,2010,180,2,33.2903
24,2010,182,2,28.561
24,2010,187,2,20.9648
24,2010,190,2,19.5291
24,2010,193,2,19.1265
24,2010,195,2,18.7879
24,2010,197,2,23.149
24,2010,200,2,22.0831
24,2010,202,2,33.5451
24,2010,204,2,33.3897
24,2010,207,2,32.7149
24,2010,210,2,28.3193
24,2010,214,2,23.9382
24,2010,216,2,21.2227
24,2010,218,2,20.2627
24,2010,221,2,19.2927
24,2010,223,2,18.8949
24,2010,228,2,19.8055
24,2010,230,2,19.0518
24,2010,232,2,19.0602
24,2010,234,2,26.0242
24,2010,236,2,24.2086
24,2010,238,2,21.3862
24,2010,242,2,18.8469
24,2010,246,2,30.8854
24,2010,251,2,27.4843
24,2010,253,2,26.9031
25,2010,167,2,41.4854
25,2010,169,2,39.1779
25,2010,175,2,40.8745
25,2010,180,2,34.2182
25,2010,182,2,29.9694
25,2010,187,2,21.5569
25,2010,190,2,21.1887
25,2010,193,2,20.3023
25,2010,195,2,19.654
25,2010,197,2,22.2655
25,2010,200,2,21.5632
25,2010,202,2,32.4768
25,2010,204,2,32.8751
25,2010,207,2,32.7694
25,2010,210,2,32.687
25,2010,214,2,29.1071
25,2010,216,2,26.458
25,2010,218,2,25.2681
25,2010,221,2,23.1044
25,2010,223,2,22.1834
25,2010,228,2,21.9646
25,2010,230,2,21.3764
25,2010,232,2,20.8407
25,2010,234,2,28.3403
25,2010,236,2,27.6599
25,2010,238,2,26.7258
25,2010,242,2,24.201
25,2010,246,2,32.9702
25,2010,251,2,31.0834
25,2010,253,2,31.4507
32,2010,167,2,43.0219
32,2010,169,2,43.4609
32,2010,175,2,43.5209
32,2010,180,2,40.286
32,2010,182,2,37.1489
32,2010,187,2,28.1054
32,2010,190,2,25.0012
32,2010,193,2,23.5089
32,2010,195,2,23.4306
32,2010,197,2,29.8116
32,2010,200,2,26.9097
32,2010,202,2,38.9126
32,2010,204,2,38.5977
32,2010,207,2,38.1127
32,2010,210,2,35.9142
32,2010,214,2,29.9056
32,2010,216,2,27.1639
32,2010,218,2,24.9026
32,2010,221,2,22.3301
32,2010,223,2,22.1524
32,2010,228,2,22.4013
32,2010,230,2,22.1228
32,2010,232,2,21.1321
32,2010,234,2,27.9021
32,2010,236,2,26.6749
32,2010,238,2,25.0952
32,2010,242,2,22.5655
32,2010,246,2,34.7711
32,2010,251,2,32.2087
32,2010,253,2,30.8379
17,2010,167,3,43.9885
17,2010,169,3,43.5664
17,2010,175,3,43.5743
17,2010,180,3,43.1625
17,2010,182,3,42.6285
17,2010,187,3,33.9563
17,2010,190,3,31.5065
17,2010,193,3,27.6339
17,2010,195,3,26.2355
17,2010,197,3,32.3464
17,2010,200,3,29.5962
17,2010,202,3,41.4011
17,2010,204,3,41.3659
17,2010,207,3,41.4066
17,2010,210,3,41.3121
17,2010,214,3,40.0117
17,2010,216,3,39.5757
17,2010,218,3,37.381
17,2010,221,3,36.1831
17,2010,223,3,35.4757
17,2010,228,3,36.3156
17,2010,230,3,34.7362
17,2010,232,3,34.289
17,2010,234,3,40.7973
17,2010,236,3,40.5836
17,2010,238,3,39.766
17,2010,242,3,36.8702
17,2010,246,3,41.9926
17,2010,251,3,41.1954
17,2010,253,3,41.0956
24,2010,167,3,43.4138
24,2010,169,3,43.3219
24,2010,175,3,43.4208
24,2010,180,3,43.1082
24,2010,182,3,42.6541
24,2010,187,3,33.9007
24,2010,190,3,29.4677
24,2010,193,3,27.5534
24,2010,195,3,27.239
24,2010,197,3,33.4943
24,2010,200,3,31.1528
24,2010,202,3,41.1853
24,2010,204,3,40.8882
24,2010,207,3,40.3967
24,2010,210,3,38.6924
24,2010,214,3,36.1976
24,2010,216,3,33.9884
24,2010,218,3,32.5706
24,2010,221,3,31.2157
24,2010,223,3,30.2368
24,2010,228,3,30.3954
24,2010,230,3,29.6022
24,2010,232,3,29.5308
24,2010,234,3,36.723
24,2010,236,3,36.5226
24,2010,238,3,34.5232
24,2010,242,3,31.3006
24,2010,246,3,39.9374
24,2010,251,3,39.3226
24,2010,253,3,39.1683
25,2010,167,3,41.0183
25,2010,169,3,40.5378
25,2010,175,3,40.3699
25,2010,180,3,40.2789
25,2010,182,3,39.508
25,2010,187,3,30.2106
25,2010,190,3,27.5935
25,2010,193,3,25.9604
25,2010,195,3,25.1652
25,2010,197,3,27.3369
25,2010,200,3,26.6472
25,2010,202,3,36.699
25,2010,204,3,36.6507
25,2010,207,3,36.3368
25,2010,210,3,36.4442
25,2010,214,3,35.0967
25,2010,216,3,33.497
25,2010,218,3,32.1706
25,2010,221,3,30.5322
25,2010,223,3,29.4747
25,2010,228,3,28.4783
25,2010,230,3,28.2287
25,2010,232,3,27.1298
25,2010,234,3,34.9835
25,2010,236,3,34.6976
25,2010,238,3,33.9306
25,2010,242,3,32.3923
25,2010,246,3,37.8347
25,2010,251,3,37.7169
25,2010,253,3,37.94
32,2010,167,3,40.7827
32,2010,169,3,41.3898
32,2010,175,3,41.2881
32,2010,180,3,41.4225
32,2010,182,3,41.2591
32,2010,187,3,38.9165
32,2010,190,3,35.1172
32,2010,193,3,31.9297
32,2010,195,3,30.9934
32,2010,197,3,36.4131
32,2010,200,3,33.686
32,2010,202,3,40.2784
32,2010,204,3,40.1952
32,2010,207,3,39.5148
32,2010,210,3,39.036
32,2010,214,3,35.6369
32,2010,216,3,33.413
32,2010,218,3,31.3599
32,2010,221,3,28.7117
32,2010,223,3,28.3357
32,2010,228,3,27.4786
32,2010,230,3,26.961
32,2010,232,3,26.6397
32,2010,234,3,33.7453
32,2010,236,3,32.6511
32,2010,238,3,31.3155
32,2010,242,3,29.4882
32,2010,246,3,38.4419
32,2010,251,3,37.7931
32,2010,253,3,37.7616
17,2010,167,4,45.2201
17,2010,169,4,44.2468
17,2010,175,4,44.2686
17,2010,180,4,44.2286
17,2010,182,4,43.99
17,2010,187,4,43.3828
17,2010,190,4,40.4586
17,2010,193,4,33.723
17,2010,195,4,30.9569
17,2010,197,4,36.3974
17,2010,200,4,33.1942
17,2010,202,4,43.2638
17,2010,204,4,43.1485
17,2010,207,4,42.7281
17,2010,210,4,42.9766
17,2010,214,4,42.5501
17,2010,216,4,42.2726
17,2010,218,4,41.5237
17,2010,221,4,40.3898
17,2010,223,4,39.784
17,2010,228,4,39.2374
17,2010,230,4,38.7981
17,2010,232,4,37.9232
17,2010,234,4,42.8787
17,2010,236,4,42.5125
17,2010,238,4,42.1701
17,2010,242,4,41.191
17,2010,246,4,43.4709
17,2010,251,4,42.9877
17,2010,253,4,43.0882
24,2010,167,4,44.894
24,2010,169,4,44.9844
24,2010,175,4,44.818
24,2010,180,4,44.9836
24,2010,182,4,44.8286
24,2010,187,4,44.2713
24,2010,190,4,36.9776
24,2010,193,4,30.7824
24,2010,195,4,28.8134
24,2010,197,4,32.3219
24,2010,200,4,30.9405
24,2010,202,4,42.0844
24,2010,204,4,42.0537
24,2010,207,4,41.308
24,2010,210,4,41.0423
24,2010,214,4,38.4642
24,2010,216,4,37.3705
24,2010,218,4,35.6236
24,2010,221,4,33.7658
24,2010,223,4,33.4303
24,2010,228,4,32.2461
24,2010,230,4,32.0014
24,2010,232,4,31.7117
24,2010,234,4,35.9747
24,2010,236,4,35.451
24,2010,238,4,35.1782
24,2010,242,4,33.7397
24,2010,246,4,40.6079
24,2010,251,4,40.6981
24,2010,253,4,40.918
25,2010,167,4,42.3874
25,2010,169,4,42.2998
25,2010,175,4,42.0371
25,2010,180,4,42.0214
25,2010,182,4,42.1436
25,2010,187,4,39.7933
25,2010,190,4,34.1712
25,2010,193,4,30.2279
25,2010,195,4,28.5552
25,2010,197,4,29.9649
25,2010,200,4,29.2644
25,2010,202,4,37.4856
25,2010,204,4,37.6952
25,2010,207,4,36.9997
25,2010,210,4,37.339
25,2010,214,4,36.312
25,2010,216,4,35.5386
25,2010,218,4,34.512
25,2010,221,4,33.2936
25,2010,223,4,32.2608
25,2010,228,4,31.1908
25,2010,230,4,30.9091
25,2010,232,4,30.1855
25,2010,234,4,35.5787
25,2010,236,4,35.7207
25,2010,238,4,35.379
25,2010,242,4,34.5433
25,2010,246,4,39.24
25,2010,251,4,39.6235
25,2010,253,4,40.1261
32,2010,167,4,41.8537
32,2010,169,4,42.0452
32,2010,175,4,42.0128
32,2010,180,4,42.0874
32,2010,182,4,42.0995
32,2010,187,4,42.3938
32,2010,190,4,41.1545
32,2010,193,4,38.7629
32,2010,195,4,36.6521
32,2010,197,4,39.4262
32,2010,200,4,37.3257
32,2010,202,4,41.405
32,2010,204,4,41.3752
32,2010,207,4,40.618
32,2010,210,4,40.558
32,2010,214,4,38.1851
32,2010,216,4,36.1957
32,2010,218,4,34.0435
32,2010,221,4,31.7586
32,2010,223,4,31.1765
32,2010,228,4,29.8118
32,2010,230,4,29.5982
32,2010,232,4,29.4044
32,2010,234,4,34.4828
32,2010,236,4,34.2478
32,2010,238,4,33.0755
32,2010,242,4,31.7435
32,2010,246,4,38.6316
32,2010,251,4,38.8223
32,2010,253,4,38.7801
17,2010,167,5,44.1356
17,2010,169,5,43.4724
17,2010,175,5,43.655
17,2010,180,5,43.4941
17,2010,182,5,43.345
17,2010,187,5,43.7313
17,2010,190,5,43.2684
17,2010,193,5,38.607
17,2010,195,5,35.3815
17,2010,197,5,37.2347
17,2010,200,5,34.6727
17,2010,202,5,42.205
17,2010,204,5,41.9731
17,2010,207,5,41.4179
17,2010,210,5,41.5473
17,2010,214,5,41.2188
17,2010,216,5,40.895
17,2010,218,5,40.5695
17,2010,221,5,39.1473
17,2010,223,5,39.0932
17,2010,228,5,38.4424
17,2010,230,5,38.1723
17,2010,232,5,37.357
17,2010,234,5,41.4015
17,2010,236,5,41.1548
17,2010,238,5,40.743
17,2010,242,5,40.01
17,2010,246,5,42.5691
17,2010,251,5,42.0548
17,2010,253,5,42.1066
24,2010,167,5,45.5411
24,2010,169,5,45.7419
24,2010,175,5,45.6319
24,2010,180,5,45.7427
24,2010,182,5,45.6071
24,2010,187,5,46.0864
24,2010,190,5,45.6093
24,2010,193,5,38.7699
24,2010,195,5,33.6001
24,2010,197,5,33.7168
24,2010,200,5,31.7198
24,2010,202,5,42.9051
24,2010,204,5,42.892
24,2010,207,5,41.5639
24,2010,210,5,40.5571
24,2010,214,5,38.0151
24,2010,216,5,36.1932
24,2010,218,5,34.3131
24,2010,221,5,32.0219
24,2010,223,5,31.437
24,2010,228,5,30.1919
24,2010,230,5,29.8198
24,2010,232,5,29.5265
24,2010,234,5,31.0521
24,2010,236,5,30.8741
24,2010,238,5,30.8983
24,2010,242,5,29.9423
24,2010,246,5,35.947
24,2010,251,5,36.4778
24,2010,253,5,36.5709
25,2010,167,5,43.4077
25,2010,169,5,43.4767
25,2010,175,5,43.4534
25,2010,180,5,43.5809
25,2010,182,5,43.4026
25,2010,187,5,43.5181
25,2010,190,5,42.7502
25,2010,193,5,39.7836
25,2010,195,5,37.3276
25,2010,197,5,37.225
25,2010,200,5,35.6829
25,2010,202,5,40.9776
25,2010,204,5,41.0456
25,2010,207,5,40.0689
25,2010,210,5,40.5132
25,2010,214,5,39.7176
25,2010,216,5,39.3301
25,2010,218,5,38.187
25,2010,221,5,37.2383
25,2010,223,5,36.3581
25,2010,228,5,35.0349
25,2010,230,5,34.8442
25,2010,232,5,34.1752
25,2010,234,5,38.5125
25,2010,236,5,38.3049
25,2010,238,5,38.3851
25,2010,242,5,37.8977
25,2010,246,5,41.3404
25,2010,251,5,41.8491
25,2010,253,5,41.3795
32,2010,167,5,40.5594
32,2010,169,5,41.5887
32,2010,175,5,41.514
32,2010,180,5,41.6885
32,2010,182,5,41.781
32,2010,187,5,42.0756
32,2010,190,5,41.7465
32,2010,193,5,41.0359
32,2010,195,5,40.4577
32,2010,197,5,40.7436
32,2010,200,5,39.5743
32,2010,202,5,41.0906
32,2010,204,5,40.9648
32,2010,207,5,40.3692
32,2010,210,5,40.2252
32,2010,214,5,38.9786
32,2010,216,5,37.7972
32,2010,218,5,36.1991
32,2010,221,5,34.0217
32,2010,223,5,33.6097
32,2010,228,5,32.2299
32,2010,230,5,31.9449
32,2010,232,5,31.9403
32,2010,234,5,35.0664
32,2010,236,5,34.7446
32,2010,238,5,34.3317
32,2010,242,5,33.2979
32,2010,246,5,37.0271
32,2010,251,5,37.0166
32,2010,253,5,37.1746
17,2010,167,6,44.2058
17,2010,169,6,44.0079
17,2010,175,6,44.1721
17,2010,180,6,44.0084
17,2010,182,6,43.8798
17,2010,187,6,44.2136
17,2010,190,6,44.4578
17,2010,193,6,43.3087
17,2010,195,6,41.3636
17,2010,197,6,41.9571
17,2010,200,6,39.9807
17,2010,202,6,43.2064
17,2010,204,6,43.105
17,2010,207,6,42.6898
17,2010,210,6,42.6382
17,2010,214,6,42.4773
17,2010,216,6,42.3479
17,2010,218,6,41.6142
17,2010,221,6,41.492
17,2010,223,6,41.1473
17,2010,228,6,40.9675
17,2010,230,6,40.6404
17,2010,232,6,40.6463
17,2010,234,6,41.9442
17,2010,236,6,41.7722
17,2010,238,6,41.4763
17,2010,242,6,40.8144
17,2010,246,6,42.62
17,2010,251,6,42.034
17,2010,253,6,42.0754
24,2010,167,6,44.9442
24,2010,169,6,45.0985
24,2010,175,6,44.9897
24,2010,180,6,45.174
24,2010,182,6,45.0392
24,2010,187,6,45.5058
24,2010,190,6,45.6384
24,2010,193,6,44.895
24,2010,195,6,42.7288
24,2010,197,6,41.3528
24,2010,200,6,37.7263
24,2010,202,6,44.2014
24,2010,204,6,43.8911
24,2010,207,6,42.3826
24,2010,210,6,41.6039
24,2010,214,6,39.4353
24,2010,216,6,37.3136
24,2010,218,6,35.7879
24,2010,221,6,32.9931
24,2010,223,6,32.0205
24,2010,228,6,31.0968
24,2010,230,6,30.7903
24,2010,232,6,30.4205
24,2010,234,6,30.3627
24,2010,236,6,30.3736
24,2010,238,6,29.894
24,2010,242,6,29.5199
24,2010,246,6,33.1378
24,2010,251,6,33.1364
24,2010,253,6,33.158
25,2010,167,6,42.6499
25,2010,169,6,42.8932
25,2010,175,6,42.8183
25,2010,180,6,42.9238
25,2010,182,6,42.6942
25,2010,187,6,42.991
25,2010,190,6,43.2337
25,2010,193,6,42.654
25,2010,195,6,42.247
25,2010,197,6,41.5786
25,2010,200,6,40.6637
25,2010,202,6,41.9019
25,2010,204,6,41.8239
25,2010,207,6,41.0895
25,2010,210,6,41.2625
25,2010,214,6,40.7231
25,2010,216,6,40.5185
25,2010,218,6,39.7962
25,2010,221,6,39.1554
25,2010,223,6,37.8279
25,2010,228,6,36.8786
25,2010,230,6,36.5714
25,2010,232,6,36.1756
25,2010,234,6,38.5197
25,2010,236,6,38.2692
25,2010,238,6,38.0005
25,2010,242,6,37.8737
25,2010,246,6,41.0968
25,2010,251,6,41.2041
25,2010,253,6,40.7221
32,2010,167,6,42.0017
32,2010,169,6,42.6229
32,2010,175,6,42.7179
32,2010,180,6,42.8341
32,2010,182,6,42.7077
32,2010,187,6,43.1306
32,2010,190,6,43.1479
32,2010,193,6,42.7818
32,2010,195,6,42.7409
32,2010,197,6,42.4885
32,2010,200,6,41.9511
32,2010,202,6,42.2495
32,2010,204,6,42.2513
32,2010,207,6,41.9784
32,2010,210,6,41.9506
32,2010,214,6,41.4722
32,2010,216,6,40.8572
32,2010,218,6,39.5936
32,2010,221,6,37.3248
32,2010,223,6,37.4626
32,2010,228,6,35.8467
32,2010,230,6,35.6871
32,2010,232,6,34.7553
32,2010,234,6,36.8497
32,2010,236,6,36.4719
32,2010,238,6,36.4147
32,2010,242,6,35.3637
32,2010,246,6,38.5205
32,2010,251,6,37.524
32,2010,253,6,37.1157
17,2010,167,7,43.9095
17,2010,169,7,43.8313
17,2010,175,7,43.8856
17,2010,180,7,43.7559
17,2010,182,7,43.6498
17,2010,187,7,44.0227
17,2010,190,7,44.1635
17,2010,193,7,43.8005
17,2010,195,7,43.4789
17,2010,197,7,43.4362
17,2010,200,7,42.3605
17,2010,202,7,43.4374
17,2010,204,7,43.2216
17,2010,207,7,42.8954
17,2010,210,7,42.8263
17,2010,214,7,42.7032
17,2010,216,7,42.4008
17,2010,218,7,42.1821
17,2010,221,7,41.9532
17,2010,223,7,41.8307
17,2010,228,7,41.4719
17,2010,230,7,41.1803
17,2010,232,7,41.298
17,2010,234,7,41.8429
17,2010,236,7,41.3049
17,2010,238,7,41.0139
17,2010,242,7,40.5847
17,2010,246,7,41.8944
17,2010,251,7,41.1402
17,2010,253,7,41.1236
24,2010,167,7,44.7984
24,2010,169,7,44.832
24,2010,175,7,44.7992
24,2010,180,7,44.735
24,2010,182,7,44.8308
24,2010,187,7,45.2466
24,2010,190,7,45.2229
24,2010,193,7,44.7057
24,2010,195,7,44.759
24,2010,197,7,44.4772
24,2010,200,7,43.8597
24,2010,202,7,44.5277
24,2010,204,7,44.3084
24,2010,207,7,44.0374
24,2010,210,7,43.6428
24,2010,214,7,42.3228
24,2010,216,7,39.8197
24,2010,218,7,38.5532
24,2010,221,7,35.5005
24,2010,223,7,34.4026
24,2010,228,7,33.112
24,2010,230,7,32.6271
24,2010,232,7,31.9805
24,2010,234,7,31.8035
24,2010,236,7,31.7776
24,2010,238,7,31.2387
24,2010,242,7,30.495
24,2010,246,7,32.3726
24,2010,251,7,32.2317
24,2010,253,7,32.3336
25,2010,167,7,43.2747
25,2010,169,7,43.2151
25,2010,175,7,43.2148
25,2010,180,7,43.215
25,2010,182,7,43.0763
25,2010,187,7,43.3847
25,2010,190,7,43.2382
25,2010,193,7,43.0116
25,2010,195,7,43.022
25,2010,197,7,42.7169
25,2010,200,7,42.5645
25,2010,202,7,42.655
25,2010,204,7,42.7271
25,2010,207,7,42.2412
25,2010,210,7,42.2131
25,2010,214,7,41.8314
25,2010,216,7,41.5027
25,2010,218,7,40.9588
25,2010,221,7,40.6273
25,2010,223,7,39.5777
25,2010,228,7,38.6132
25,2010,230,7,38.5221
25,2010,232,7,38.0811
25,2010,234,7,38.7212
25,2010,236,7,38.6349
25,2010,238,7,38.4388
25,2010,242,7,37.7675
25,2010,246,7,40.7231
25,2010,251,7,40.8013
25,2010,253,7,40.3705
32,2010,167,7,42.6298
32,2010,169,7,42.8761
32,2010,175,7,42.8964
32,2010,180,7,43.1204
32,2010,182,7,43.0345
32,2010,187,7,43.3342
32,2010,190,7,43.0843
32,2010,193,7,42.9409
32,2010,195,7,43.0338
32,2010,197,7,42.7884
32,2010,200,7,42.861
32,2010,202,7,42.667
32,2010,204,7,42.6577
32,2010,207,7,42.5055
32,2010,210,7,42.5568
32,2010,214,7,42.1155
32,2010,216,7,41.9554
32,2010,218,7,41.5768
32,2010,221,7,41.0919
32,2010,223,7,40.7678
32,2010,228,7,39.8123
32,2010,230,7,39.4576
32,2010,232,7,39.2763
32,2010,234,7,39.8034
32,2010,236,7,39.4751
32,2010,238,7,39.2863
32,2010,242,7,38.9458
32,2010,246,7,40.1275
32,2010,251,7,39.4362
32,2010,253,7,39.2089
1,2011,167,1,32.0325
1,2011,171,1,30.5699
1,2011,173,1,33.4647
1,2011,175,1,30.5013
1,2011,178,1,35.7332
1,2011,180,1,30.5881
1,2011,182,1,25.7534
1,2011,186,1,20.1627
1,2011,192,1,17.4091
1,2011,194,1,17.2362
1,2011,196,1,17.6324
1,2011,199,1,15.707
1,2011,201,1,16.8046
1,2011,203,1,15.6379
1,2011,206,1,22.8366
1,2011,208,1,20.7302
1,2011,210,1,17.9963
1,2011,213,1,17.3989
1,2011,215,1,16.9122
1,2011,217,1,16.456
1,2011,220,1,17.3231
1,2011,222,1,17.3843
1,2011,224,1,16.7485
1,2011,227,1,20.6374
1,2011,229,1,20.1383
1,2011,231,1,19.8867
1,2011,234,1,18.502
1,2011,237,1,23.9156
1,2011,241,1,20.7069
1,2011,243,1,19.7721
1,2011,250,1,18.3417
1,2011,252,1,22.6324
1,2011,255,1,21.9603
1,2011,258,1,24.344
1,2011,263,1,28.2118
1,2011,266,1,26.1692
1,2011,269,1,30.9764
4,2011,167,1,35.2737
4,2011,171,1,32.3424
4,2011,173,1,34.8304
4,2011,175,1,30.955
4,2011,178,1,36.9396
4,2011,180,1,33.0344
4,2011,182,1,27.3491
4,2011,186,1,19.07
4,2011,192,1,14.7024
4,2011,194,1,14.2995
4,2011,196,1,12.6926
4,2011,199,1,14.258
4,2011,201,1,13.8324
4,2011,203,1,13.0987
4,2011,206,1,18.2171
4,2011,208,1,17.2809
4,2011,210,1,15.2569
4,2011,213,1,15.2664
4,2011,215,1,15.3139
4,2011,217,1,14.4553
4,2011,220,1,15.1468
4,2011,222,1,14.8465
4,2011,224,1,14.4586
4,2011,227,1,16.7094
4,2011,229,1,16.2095
4,2011,231,1,15.8395
4,2011,234,1,15.2615
4,2011,237,1,19.0244
4,2011,241,1,16.928
4,2011,243,1,16.7176
4,2011,250,1,16.507
4,2011,252,1,19.7978
4,2011,255,1,19.7567
4,2011,258,1,20.9971
4,2011,263,1,24.973
4,2011,266,1,23.0395
4,2011,269,1,27.8348
10,2011,167,1,33.8803
10,2011,171,1,30.2692
10,2011,173,1,34.6341
10,2011,175,1,30.7859
10,2011,178,1,36.142
10,2011,180,1,31.9066
10,2011,182,1,28.129
10,2011,186,1,23.3975
10,2011,192,1,21.0242
10,2011,194,1,20.2066
10,2011,196,1,19.8345
10,2011,199,1,19.7881
10,2011,201,1,18.3988
10,2011,203,1,18.1571
10,2011,206,1,20.6803
10,2011,208,1,19.282
10,2011,210,1,17.4989
10,2011,213,1,17.978
10,2011,215,1,17.7717
10,2011,217,1,18.2407
10,2011,220,1,18.1677
10,2011,222,1,18.2921
10,2011,224,1,17.4271
10,2011,227,1,19.3468
10,2011,229,1,18.2761
10,2011,231,1,18.9742
10,2011,234,1,17.6117
10,2011,237,1,20.6703
10,2011,241,1,18.7682
10,2011,243,1,17.942
10,2011,250,1,17.1679
10,2011,255,1,18.7709
10,2011,258,1,20.8846
10,2011,263,1,22.2234
10,2011,266,1,22.4365
10,2011,269,1,26.2695
11,2011,167,1,31.2061
11,2011,171,1,30.9134
11,2011,173,1,33.5983
11,2011,175,1,29.5745
11,2011,178,1,35.9299
11,2011,180,1,32.3118
11,2011,182,1,29.7871
11,2011,186,1,25.2001
11,2011,192,1,21.6757
11,2011,194,1,20.3938
11,2011,196,1,21.7953
11,2011,199,1,19.1313
11,2011,201,1,18.6602
11,2011,203,1,17.7373
11,2011,206,1,26.4121
11,2011,208,1,22.5124
11,2011,210,1,19.6917
11,2011,213,1,19.4843
11,2011,215,1,18.2337
11,2011,217,1,17.3591
11,2011,220,1,18.7067
11,2011,222,1,19.2202
11,2011,224,1,18.4571
11,2011,227,1,21.547
11,2011,229,1,21.3154
11,2011,231,1,21.2111
11,2011,234,1,19.7007
11,2011,237,1,25.7793
11,2011,241,1,21.762
11,2011,243,1,20.4722
11,2011,250,1,19.8315
11,2011,255,1,23.2539
11,2011,258,1,25.2512
11,2011,263,1,30.1433
11,2011,266,1,27.7183
11,2011,269,1,34.0113
1,2011,167,2,37.2214
1,2011,171,2,37.2414
1,2011,173,2,37.4411
1,2011,175,2,37.032
1,2011,178,2,38.2303
1,2011,180,2,37.6848
1,2011,182,2,36.083
1,2011,186,2,31.5134
1,2011,192,2,25.7178
1,2011,194,2,23.5184
1,2011,196,2,23.13
1,2011,199,2,22.0007
1,2011,201,2,21.9433
1,2011,203,2,21.0079
1,2011,206,2,24.0516
1,2011,208,2,23.9751
1,2011,210,2,22.6098
1,2011,213,2,22.4683
1,2011,215,2,22.2011
1,2011,217,2,21.6404
1,2011,220,2,21.8784
1,2011,222,2,21.6452
1,2011,224,2,21.2148
1,2011,227,2,23.2607
1,2011,229,2,23.4866
1,2011,231,2,23.2889
1,2011,234,2,22.592
1,2011,237,2,25.9852
1,2011,241,2,25.187
1,2011,243,2,24.7837
1,2011,250,2,22.2614
1,2011,252,2,23.3128
1,2011,255,2,24.0757
1,2011,258,2,23.9607
1,2011,263,2,26.2737
1,2011,266,2,26.242
1,2011,269,2,31.2336
4,2011,167,2,40.4264
4,2011,171,2,40.0943
4,2011,173,2,39.9338
4,2011,175,2,39.4337
4,2011,178,2,40.4032
4,2011,180,2,40.3451
4,2011,182,2,39.7632
4,2011,186,2,35.9098
4,2011,192,2,23.236
4,2011,194,2,21.1861
4,2011,196,2,18.2511
4,2011,199,2,19.3861
4,2011,201,2,19.1092
4,2011,203,2,17.9782
4,2011,206,2,20.7499
4,2011,208,2,20.0331
4,2011,210,2,18.6234
4,2011,213,2,19.2212
4,2011,215,2,19.3896
4,2011,217,2,18.1744
4,2011,220,2,19.3777
4,2011,222,2,19.28
4,2011,224,2,18.1218
4,2011,227,2,19.7114
4,2011,229,2,19.7747
4,2011,231,2,18.8906
4,2011,234,2,19.2162
4,2011,237,2,22.7239
4,2011,241,2,20.3019
4,2011,243,2,20.7207
4,2011,250,2,20.3394
4,2011,252,2,21.0781
4,2011,255,2,22.5073
4,2011,258,2,22.4917
4,2011,263,2,25.7953
4,2011,266,2,25.6828
4,2011,269,2,29.779
10,2011,167,2,36.2477
10,2011,171,2,35.282
10,2011,173,2,36.0737
10,2011,175,2,35.2107
10,2011,178,2,36.4587
10,2011,180,2,36.0346
10,2011,182,2,35.8988
10,2011,186,2,33.6197
10,2011,192,2,30.568
10,2011,194,2,27.7996
10,2011,196,2,26.7398
10,2011,199,2,25.9778
10,2011,201,2,23.9325
10,2011,203,2,24.5452
10,2011,206,2,23.2541
10,2011,208,2,23.8642
10,2011,210,2,23.3937
10,2011,213,2,23.4151
10,2011,215,2,22.775
10,2011,217,2,23.1141
10,2011,220,2,22.4882
10,2011,222,2,22.8155
10,2011,224,2,21.5086
10,2011,227,2,22.4183
10,2011,229,2,22.2727
10,2011,231,2,22.6082
10,2011,234,2,21.6558
10,2011,237,2,24.6279
10,2011,241,2,22.9042
10,2011,243,2,22.6993
10,2011,250,2,20.5516
10,2011,255,2,21.6461
10,2011,258,2,21.5942
10,2011,263,2,22.17
10,2011,266,2,22.7425
10,2011,269,2,25.8532
11,2011,167,2,37.0018
11,2011,171,2,36.9223
11,2011,173,2,36.8541
11,2011,175,2,36.2682
11,2011,178,2,37.9032
11,2011,180,2,37.49
11,2011,182,2,37.6049
11,2011,186,2,35.1485
11,2011,192,2,31.8558
11,2011,194,2,28.6351
11,2011,196,2,28.5749
11,2011,199,2,25.7062
11,2011,201,2,24.3527
11,2011,203,2,23.2419
11,2011,206,2,23.6331
11,2011,208,2,23.9577
11,2011,210,2,23.5492
11,2011,213,2,22.6425
11,2011,215,2,22.0773
11,2011,217,2,21.8068
11,2011,220,2,21.9734
11,2011,222,2,21.8774
11,2011,224,2,21.2939
11,2011,227,2,21.7738
11,2011,229,2,22.0485
11,2011,231,2,22.298
11,2011,234,2,21.4845
11,2011,237,2,25.8408
11,2011,241,2,24.1876
11,2011,243,2,23.3746
11,2011,250,2,21.6798
11,2011,255,2,23.0794
11,2011,258,2,22.9306
11,2011,263,2,23.7348
11,2011,266,2,24.1465
11,2011,269,2,29.7618
1,2011,167,3,37.2458
1,2011,171,3,37.4736
1,2011,173,3,37.4942
1,2011,175,3,37.3594
1,2011,178,3,37.7251
1,2011,180,3,37.8221
1,2011,182,3,37.4538
1,2011,186,3,37.163
1,2011,192,3,32.7933
1,2011,194,3,30.1775
1,2011,196,3,28.5588
1,2011,199,3,26.9671
1,2011,201,3,26.3088
1,2011,203,3,25.1975
1,2011,206,3,26.379
1,2011,208,3,26.4074
1,2011,210,3,26.1513
1,2011,213,3,25.6538
1,2011,215,3,25.7163
1,2011,217,3,25.3971
1,2011,220,3,25.5271
1,2011,222,3,25.1791
1,2011,224,3,24.853
1,2011,227,3,26.2119
1,2011,229,3,26.1547
1,2011,231,3,26.0655
1,2011,234,3,25.9881
1,2011,237,3,29.1425
1,2011,241,3,28.4935
1,2011,243,3,27.9432
1,2011,250,3,26.0306
1,2011,252,3,26.5475
1,2011,255,3,26.6808
1,2011,258,3,26.3816
1,2011,263,3,27.3056
1,2011,266,3,27.0196
1,2011,269,3,29.8083
4,2011,167,3,40.3204
4,2011,171,3,40.0424
4,2011,173,3,39.9494
4,2011,175,3,39.6094
4,2011,178,3,39.8655
4,2011,180,3,40.0889
4,2011,182,3,40.0149
4,2011,186,3,39.8669
4,2011,192,3,37.1802
4,2011,194,3,31.5984
4,2011,196,3,26.8624
4,2011,199,3,27.1986
4,2011,201,3,25.63
4,2011,203,3,24.3804
4,2011,206,3,28.1502
4,2011,208,3,27.3909
4,2011,210,3,25.2228
4,2011,213,3,25.2778
4,2011,215,3,25.2431
4,2011,217,3,24.0968
4,2011,220,3,24.8428
4,2011,222,3,24.6798
4,2011,224,3,24.2145
4,2011,227,3,25.0865
4,2011,229,3,25.7165
4,2011,231,3,25.1111
4,2011,234,3,24.7357
4,2011,237,3,30.5221
4,2011,241,3,28.3567
4,2011,243,3,27.6018
4,2011,250,3,26.631
4,2011,252,3,28.2882
4,2011,255,3,28.446
4,2011,258,3,29.2279
4,2011,263,3,30.3592
4,2011,266,3,30.5391
4,2011,269,3,33.5584
10,2011,167,3,36.053
10,2011,171,3,35.6147
10,2011,173,3,35.7588
10,2011,175,3,35.3889
10,2011,178,3,36.078
10,2011,180,3,35.9652
10,2011,182,3,35.8639
10,2011,186,3,35.7498
10,2011,192,3,35.8578
10,2011,194,3,33.4148
10,2011,196,3,31.7124
10,2011,199,3,30.4491
10,2011,201,3,28.8922
10,2011,203,3,28.7669
10,2011,206,3,27.2018
10,2011,208,3,27.7467
10,2011,210,3,27.1325
10,2011,213,3,27.5937
10,2011,215,3,26.9734
10,2011,217,3,27.5619
10,2011,220,3,26.8933
10,2011,222,3,27.5251
10,2011,224,3,26.2934
10,2011,227,3,27.114
10,2011,229,3,26.4165
10,2011,231,3,27.1168
10,2011,234,3,26.0399
10,2011,237,3,28.8994
10,2011,241,3,27.6012
10,2011,243,3,27.574
10,2011,250,3,25.1527
10,2011,255,3,25.8405
10,2011,258,3,25.0786
10,2011,263,3,25.9944
10,2011,266,3,25.6659
10,2011,269,3,27.0902
11,2011,167,3,36.6294
11,2011,171,3,37.218
11,2011,173,3,37.5113
11,2011,175,3,37.1424
11,2011,178,3,37.4822
11,2011,180,3,37.5752
11,2011,182,3,37.8541
11,2011,186,3,37.5195
11,2011,192,3,38.4635
11,2011,194,3,36.6195
11,2011,196,3,35.4741
11,2011,199,3,32.4364
11,2011,201,3,30.6652
11,2011,203,3,28.9685
11,2011,206,3,27.7581
11,2011,208,3,28.2454
11,2011,210,3,27.8419
11,2011,213,3,27.7942
11,2011,215,3,27.342
11,2011,217,3,27.1363
11,2011,220,3,26.9913
11,2011,222,3,27.0352
11,2011,224,3,26.6297
11,2011,227,3,26.6933
11,2011,229,3,27.072
11,2011,231,3,26.955
11,2011,234,3,26.5275
11,2011,237,3,29.4062
11,2011,241,3,28.8256
11,2011,243,3,28.47
11,2011,250,3,27.1882
11,2011,255,3,27.5773
11,2011,258,3,27.3223
11,2011,263,3,27.575
11,2011,266,3,27.8031
11,2011,269,3,28.6176
1,2011,167,4,38.8282
1,2011,171,4,39.0712
1,2011,173,4,39.0547
1,2011,175,4,38.8368
1,2011,178,4,38.8987
1,2011,180,4,39.397
1,2011,182,4,39.0453
1,2011,186,4,39.0314
1,2011,192,4,38.7276
1,2011,194,4,35.2834
1,2011,196,4,32.4571
1,2011,199,4,28.81
1,2011,201,4,27.7017
1,2011,203,4,26.2032
1,2011,206,4,26.4385
1,2011,208,4,26.288
1,2011,210,4,26.2461
1,2011,213,4,26.2455
1,2011,215,4,26.1122
1,2011,217,4,25.8534
1,2011,220,4,26.0451
1,2011,222,4,25.9525
1,2011,224,4,25.7146
1,2011,227,4,26.3608
1,2011,229,4,26.3647
1,2011,231,4,26.3255
1,2011,234,4,26.269
1,2011,237,4,28.9391
1,2011,241,4,28.4294
1,2011,243,4,28.2812
1,2011,250,4,26.3845
1,2011,252,4,26.5489
1,2011,255,4,26.7836
1,2011,258,4,26.3393
1,2011,263,4,26.8402
1,2011,266,4,26.7203
1,2011,269,4,27.7574
4,2011,167,4,40.6227
4,2011,171,4,40.3527
4,2011,173,4,40.344
4,2011,175,4,40.0095
4,2011,178,4,40.335
4,2011,180,4,40.5583
4,2011,182,4,40.3721
4,2011,186,4,40.4658
4,2011,192,4,42.5532
4,2011,194,4,41.0829
4,2011,196,4,36.6634
4,2011,199,4,32.5713
4,2011,201,4,31.1919
4,2011,203,4,28.6177
4,2011,206,4,31.5569
4,2011,208,4,30.582
4,2011,210,4,28.6279
4,2011,213,4,28.7235
4,2011,215,4,28.4601
4,2011,217,4,27.0269
4,2011,220,4,27.7318
4,2011,222,4,27.8802
4,2011,224,4,27.3286
4,2011,227,4,29.7584
4,2011,229,4,29.4579
4,2011,231,4,28.7815
4,2011,234,4,28.2432
4,2011,237,4,35.0958
4,2011,241,4,33.491
4,2011,243,4,32.283
4,2011,250,4,30.7236
4,2011,252,4,31.7175
4,2011,255,4,32.3946
4,2011,258,4,32.463
4,2011,263,4,33.2129
4,2011,266,4,33.2371
4,2011,269,4,36.5243
10,2011,167,4,36.9721
10,2011,171,4,37.036
10,2011,173,4,36.7297
10,2011,175,4,36.7807
10,2011,178,4,36.9404
10,2011,180,4,37.3043
10,2011,182,4,37.1312
10,2011,186,4,37.188
10,2011,192,4,38.2741
10,2011,194,4,36.4941
10,2011,196,4,34.7381
10,2011,199,4,33.012
10,2011,201,4,31.5096
10,2011,203,4,30.7302
10,2011,206,4,29.4728
10,2011,208,4,29.9108
10,2011,210,4,29.198
10,2011,213,4,29.9009
10,2011,215,4,29.0736
10,2011,217,4,29.6322
10,2011,220,4,29.0343
10,2011,222,4,29.5361
10,2011,224,4,28.4275
10,2011,227,4,29.134
10,2011,229,4,28.3982
10,2011,231,4,29.1103
10,2011,234,4,28.1491
10,2011,237,4,30.2799
10,2011,241,4,29.1482
10,2011,243,4,29.2631
10,2011,250,4,27.014
10,2011,255,4,27.622
10,2011,258,4,26.7191
10,2011,263,4,27.4985
10,2011,266,4,26.9228
10,2011,269,4,27.5828
11,2011,167,4,38.1616
11,2011,171,4,38.445
11,2011,173,4,38.4953
11,2011,175,4,38.1034
11,2011,178,4,38.5401
11,2011,180,4,38.8193
11,2011,182,4,38.9247
11,2011,186,4,38.8703
11,2011,192,4,40.0333
11,2011,194,4,38.9353
11,2011,196,4,38.496
11,2011,199,4,36.0835
11,2011,201,4,33.8038
11,2011,203,4,32.0457
11,2011,206,4,30.6788
11,2011,208,4,31.0231
11,2011,210,4,30.3101
11,2011,213,4,30.1528
11,2011,215,4,29.7591
11,2011,217,4,29.521
11,2011,220,4,29.4346
11,2011,222,4,29.6256
11,2011,224,4,29.1099
11,2011,227,4,28.9155
11,2011,229,4,28.7844
11,2011,231,4,29.2279
11,2011,234,4,28.5935
11,2011,237,4,30.2646
11,2011,241,4,29.7879
11,2011,243,4,29.9548
11,2011,250,4,29.1155
11,2011,255,4,29.5518
11,2011,258,4,29.0521
11,2011,263,4,29.3404
11,2011,266,4,29.1292
11,2011,269,4,29.5874
1,2011,167,5,41.2341
1,2011,171,5,41.349
1,2011,173,5,41.3208
1,2011,175,5,41.1498
1,2011,178,5,41.277
1,2011,180,5,41.5646
1,2011,182,5,41.2558
1,2011,186,5,41.4248
1,2011,192,5,43.6872
1,2011,194,5,42.8009
1,2011,196,5,40.8678
1,2011,199,5,34.5761
1,2011,201,5,31.7767
1,2011,203,5,28.8988
1,2011,206,5,27.9122
1,2011,208,5,27.9629
1,2011,210,5,27.8824
1,2011,213,5,27.7132
1,2011,215,5,27.8307
1,2011,217,5,27.4614
1,2011,220,5,27.6067
1,2011,222,5,27.5662
1,2011,224,5,27.2031
1,2011,227,5,27.4677
1,2011,229,5,27.5049
1,2011,231,5,27.6989
1,2011,234,5,27.4814
1,2011,237,5,29.0991
1,2011,241,5,29.1157
1,2011,243,5,28.9737
1,2011,250,5,27.3778
1,2011,252,5,27.7967
1,2011,255,5,27.9143
1,2011,258,5,27.5342
1,2011,263,5,27.8796
1,2011,266,5,27.9957
1,2011,269,5,28.1594
4,2011,167,5,41.2011
4,2011,171,5,40.8343
4,2011,173,5,40.8707
4,2011,175,5,40.5627
4,2011,178,5,40.7882
4,2011,180,5,41.0775
4,2011,182,5,40.8798
4,2011,186,5,41.0316
4,2011,192,5,43.2724
4,2011,194,5,42.9202
4,2011,196,5,42.4338
4,2011,199,5,40.5356
4,2011,201,5,37.488
4,2011,203,5,34.1056
4,2011,206,5,34.0892
4,2011,208,5,33.5636
4,2011,210,5,32.1062
4,2011,213,5,32.0604
4,2011,215,5,32.0691
4,2011,217,5,31.0868
4,2011,220,5,31.5174
4,2011,222,5,31.3418
4,2011,224,5,31.0252
4,2011,227,5,32.2106
4,2011,229,5,32.0675
4,2011,231,5,31.8865
4,2011,234,5,31.2698
4,2011,237,5,35.7897
4,2011,241,5,35.2845
4,2011,243,5,34.2273
4,2011,250,5,33.3062
4,2011,252,5,33.6784
4,2011,255,5,34.1922
4,2011,258,5,33.504
4,2011,263,5,34.9947
4,2011,266,5,34.8409
4,2011,269,5,36.6723
10,2011,167,5,39.529
10,2011,171,5,39.4614
10,2011,173,5,39.2553
10,2011,175,5,39.1209
10,2011,178,5,39.3925
10,2011,180,5,39.5355
10,2011,182,5,39.7924
10,2011,186,5,39.5468
10,2011,192,5,41.7283
10,2011,194,5,40.9454
10,2011,196,5,40.0164
10,2011,199,5,37.7562
10,2011,201,5,36.3143
10,2011,203,5,34.1462
10,2011,206,5,33.0485
10,2011,208,5,32.7198
10,2011,210,5,32.7139
10,2011,213,5,32.8846
10,2011,215,5,32.3374
10,2011,217,5,32.4586
10,2011,220,5,32.5181
10,2011,222,5,32.5048
10,2011,224,5,31.7059
10,2011,227,5,32.0585
10,2011,229,5,31.7279
10,2011,231,5,31.7741
10,2011,234,5,31.3485
10,2011,237,5,32.5251
10,2011,241,5,31.9232
10,2011,243,5,31.8416
10,2011,250,5,29.5791
10,2011,255,5,29.6536
10,2011,258,5,29.5582
10,2011,263,5,29.9055
10,2011,266,5,29.6082
10,2011,269,5,30.174
11,2011,167,5,40.2341
11,2011,171,5,40.5193
11,2011,173,5,40.7311
11,2011,175,5,40.4455
11,2011,178,5,40.5812
11,2011,180,5,40.8325
11,2011,182,5,40.9402
11,2011,186,5,40.9099
11,2011,192,5,43.0398
11,2011,194,5,42.513
11,2011,196,5,42.684
11,2011,199,5,41.7924
11,2011,201,5,40.9895
11,2011,203,5,38.3027
11,2011,206,5,36.8705
11,2011,208,5,36.7676
11,2011,210,5,36.4822
11,2011,213,5,35.9446
11,2011,215,5,35.2301
11,2011,217,5,34.5635
11,2011,220,5,34.3592
11,2011,222,5,34.4314
11,2011,224,5,33.539
11,2011,227,5,33.5836
11,2011,229,5,33.5835
11,2011,231,5,33.6825
11,2011,234,5,33.3066
11,2011,237,5,34.4681
11,2011,241,5,34.0032
11,2011,243,5,34.3753
11,2011,250,5,33.2964
11,2011,255,5,33.9309
11,2011,258,5,33.5366
11,2011,263,5,33.448
11,2011,266,5,33.5619
11,2011,269,5,33.7814
1,2011,167,6,42.9473
1,2011,171,6,42.7705
1,2011,173,6,42.7325
1,2011,175,6,42.6743
1,2011,178,6,42.7525
1,2011,180,6,43.1318
1,2011,182,6,42.8291
1,2011,186,6,42.9556
1,2011,192,6,45.7075
1,2011,194,6,45.3368
1,2011,196,6,45.0853
1,2011,199,6,43.2681
1,2011,201,6,39.1437
1,2011,203,6,33.3389
1,2011,206,6,31.0877
1,2011,208,6,30.9475
1,2011,210,6,29.9676
1,2011,213,6,30.0965
1,2011,215,6,30.1133
1,2011,217,6,29.542
1,2011,220,6,29.6475
1,2011,222,6,29.7388
1,2011,224,6,29.132
1,2011,227,6,29.3657
1,2011,229,6,29.3675
1,2011,231,6,29.3929
1,2011,234,6,28.9462
1,2011,237,6,30.438
1,2011,241,6,30.3617
1,2011,243,6,30.3455
1,2011,250,6,28.8527
1,2011,252,6,29.3753
1,2011,255,6,29.5739
1,2011,258,6,28.9588
1,2011,263,6,29.1899
1,2011,266,6,29.3841
1,2011,269,6,29.6019
4,2011,167,6,41.6027
4,2011,171,6,41.2802
4,2011,173,6,41.3161
4,2011,175,6,41.0995
4,2011,178,6,41.3176
4,2011,180,6,41.4681
4,2011,182,6,41.3069
4,2011,186,6,41.5351
4,2011,192,6,43.9764
4,2011,194,6,43.7163
4,2011,196,6,43.8649
4,2011,199,6,43.0449
4,2011,201,6,42.1486
4,2011,203,6,38.4986
4,2011,206,6,36.4278
4,2011,208,6,35.7498
4,2011,210,6,35.1309
4,2011,213,6,34.8402
4,2011,215,6,34.3257
4,2011,217,6,33.6928
4,2011,220,6,33.1856
4,2011,222,6,33.0965
4,2011,224,6,32.5653
4,2011,227,6,33.3745
4,2011,229,6,33.1208
4,2011,231,6,32.9469
4,2011,234,6,32.8686
4,2011,237,6,36.3444
4,2011,241,6,36.1092
4,2011,243,6,35.8669
4,2011,250,6,35.0162
4,2011,252,6,34.8048
4,2011,255,6,35.1639
4,2011,258,6,34.7483
4,2011,263,6,35.1901
4,2011,266,6,34.9765
4,2011,269,6,36.6043
10,2011,167,6,41.5114
10,2011,171,6,41.3555
10,2011,173,6,41.2576
10,2011,175,6,41.164
10,2011,178,6,41.3307
10,2011,180,6,41.5071
10,2011,182,6,41.6714
10,2011,186,6,41.6076
10,2011,192,6,44.0158
10,2011,194,6,43.7242
10,2011,196,6,43.571
10,2011,199,6,41.7475
10,2011,201,6,40.2194
10,2011,203,6,36.9533
10,2011,206,6,35.4063
10,2011,208,6,34.9447
10,2011,210,6,34.9236
10,2011,213,6,34.8209
10,2011,215,6,34.785
10,2011,217,6,34.1619
10,2011,220,6,34.5784
10,2011,222,6,34.1569
10,2011,224,6,33.7643
10,2011,227,6,33.86
10,2011,229,6,33.7941
10,2011,231,6,33.4841
10,2011,234,6,33.035
10,2011,237,6,33.6717
10,2011,241,6,33.188
10,2011,243,6,33.0282
10,2011,250,6,31.2719
10,2011,255,6,31.4017
10,2011,258,6,31.3312
10,2011,263,6,31.3109
10,2011,266,6,31.4546
10,2011,269,6,31.2767
11,2011,167,6,41.1342
11,2011,171,6,41.003
11,2011,173,6,41.2902
11,2011,175,6,41.052
11,2011,178,6,41.0914
11,2011,180,6,41.2666
11,2011,182,6,41.2658
11,2011,186,6,41.3684
11,2011,192,6,43.5312
11,2011,194,6,43.1719
11,2011,196,6,43.1332
11,2011,199,6,42.9992
11,2011,201,6,42.5932
11,2011,203,6,42.3677
11,2011,206,6,41.0125
11,2011,208,6,40.9467
11,2011,210,6,40.0556
11,2011,213,6,39.8861
11,2011,215,6,39.4172
11,2011,217,6,38.6587
11,2011,220,6,38.1838
11,2011,222,6,38.0668
11,2011,224,6,37.4256
11,2011,227,6,37.4894
11,2011,229,6,36.8674
11,2011,231,6,37.236
11,2011,234,6,37.177
11,2011,237,6,37.5451
11,2011,241,6,37.1929
11,2011,243,6,37.4814
11,2011,250,6,36.6842
11,2011,255,6,36.8979
11,2011,258,6,36.6273
11,2011,263,6,36.6554
11,2011,266,6,36.6978
11,2011,269,6,36.5246
1,2011,167,7,41.9039
1,2011,171,7,41.7234
1,2011,173,7,41.7055
1,2011,175,7,41.6082
1,2011,178,7,41.8074
1,2011,180,7,42.0214
1,2011,182,7,41.8285
1,2011,186,7,41.9457
1,2011,192,7,44.5391
1,2011,194,7,44.2441
1,2011,196,7,44.1536
1,2011,199,7,44.059
1,2011,201,7,43.4225
1,2011,203,7,39.687
1,2011,206,7,36.5435
1,2011,208,7,35.8343
1,2011,210,7,34.1371
1,2011,213,7,33.6232
1,2011,215,7,33.4544
1,2011,217,7,32.8724
1,2011,220,7,32.9402
1,2011,222,7,32.7811
1,2011,224,7,32.0291
1,2011,227,7,32.1323
1,2011,229,7,32.2522
1,2011,231,7,32.4249
1,2011,234,7,31.668
1,2011,237,7,33.3635
1,2011,241,7,33.4885
1,2011,243,7,33.0346
1,2011,250,7,31.7162
1,2011,252,7,32.2502
1,2011,255,7,32.7756
1,2011,258,7,32.1061
1,2011,263,7,32.4373
1,2011,266,7,32.6049
1,2011,269,7,32.6867
4,2011,167,7,41.4284
4,2011,171,7,41.0599
4,2011,173,7,41.1329
4,2011,175,7,40.9275
4,2011,178,7,41.0126
4,2011,180,7,41.2851
4,2011,182,7,41.143
4,2011,186,7,41.3333
4,2011,192,7,43.586
4,2011,194,7,43.3534
4,2011,196,7,43.6278
4,2011,199,7,43.1597
4,2011,201,7,42.8328
4,2011,203,7,40.4906
4,2011,206,7,37.3212
4,2011,208,7,36.3794
4,2011,210,7,35.1995
4,2011,213,7,34.7372
4,2011,215,7,33.5199
4,2011,217,7,33.3872
4,2011,220,7,32.2228
4,2011,222,7,31.8057
4,2011,224,7,31.5307
4,2011,227,7,31.9505
4,2011,229,7,31.6217
4,2011,231,7,31.3917
4,2011,234,7,31.428
4,2011,237,7,34.0096
4,2011,241,7,34.0587
4,2011,243,7,34.4213
4,2011,250,7,33.3143
4,2011,252,7,32.9065
4,2011,255,7,32.8029
4,2011,258,7,32.8059
4,2011,263,7,32.8046
4,2011,266,7,32.6733
4,2011,269,7,34.0923
10,2011,167,7,41.2464
10,2011,171,7,41.1031
10,2011,173,7,40.9732
10,2011,175,7,40.914
10,2011,178,7,41.0382
10,2011,180,7,41.2272
10,2011,182,7,41.4292
10,2011,186,7,41.3288
10,2011,192,7,43.7662
10,2011,194,7,43.3679
10,2011,196,7,43.6511
10,2011,199,7,43.0818
10,2011,201,7,42.6622
10,2011,203,7,40.4012
10,2011,206,7,39.1607
10,2011,208,7,37.7631
10,2011,210,7,37.5206
10,2011,213,7,37.5954
10,2011,215,7,38.0332
10,2011,217,7,37.7033
10,2011,220,7,38.1365
10,2011,222,7,37.676
10,2011,224,7,37.434
10,2011,227,7,37.418
10,2011,229,7,37.3159
10,2011,231,7,37.2219
10,2011,234,7,36.7706
10,2011,237,7,36.6171
10,2011,241,7,36.7507
10,2011,243,7,36.7158
10,2011,250,7,34.805
10,2011,255,7,35.4083
10,2011,258,7,35.471
10,2011,263,7,35.4727
10,2011,266,7,35.5713
10,2011,269,7,35.3551
11,2011,167,7,39.4597
11,2011,171,7,39.5339
11,2011,173,7,39.8881
11,2011,175,7,39.7289
11,2011,178,7,39.7786
11,2011,180,7,39.9624
11,2011,182,7,39.9392
11,2011,186,7,40.1725
11,2011,192,7,42.409
11,2011,194,7,42.0764
11,2011,196,7,42.0973
11,2011,199,7,42.2267
11,2011,201,7,42.1982
11,2011,203,7,41.8248
11,2011,206,7,41.3618
11,2011,208,7,41.187
11,2011,210,7,41.0725
11,2011,213,7,40.4727
11,2011,215,7,40.4075
11,2011,217,7,39.6694
11,2011,220,7,40.2812
11,2011,222,7,39.7612
11,2011,224,7,39.3031
11,2011,227,7,39.216
11,2011,229,7,38.8579
11,2011,231,7,39.2167
11,2011,234,7,39.2054
11,2011,237,7,39.2151
11,2011,241,7,39.2197
11,2011,243,7,38.9879
11,2011,250,7,38.4976
11,2011,255,7,39.0956
11,2011,258,7,38.8791
11,2011,263,7,38.8608
11,2011,266,7,39.0082
11,2011,269,7,38.6759