DOY,Leaf_Mg_per_ha,Stem_Mg_per_ha,Rep_Mg_per_ha,Seed_Mg_per_ha,Litter_Mg_per_ha,CumLitter_Mg_per_ha
172,0.222271875,0.188803125,0,0,0,0
186,0.8460375,0.85220625,0,0,0,0
200,1.184465625,1.61896875,0,0,0,0
214,2.218059375,4.043615625,0.29925,0,0.041475,0.06654375
228,2.147446875,4.477725,2.304553125,0,0.153628125,0.18230625
242,1.51948125,3.8920875,5.532778125,3.022490625,0.1157625,0.335934375
256,0.06575625,2.89905,5.371078125,3.998203125,0.5310375,0.866971875
270,0,2.1756,6.372253125,4.965646875,0.281465625,1.1484375
