DOY,Leaf_Mg_per_ha,Stem_Mg_per_ha,Rep_Mg_per_ha,Seed_Mg_per_ha,Litter_Mg_per_ha,CumLitter_Mg_per_ha
172,0.0328965891267146,0.0143181358308921,0,0,0,0
186,0.146798299121618,0.19883006141002,0,0,0,0
200,0.338074287830052,0.605286252689843,0,0,0,0
214,0.152175913412888,0.559874052059856,0.16427519712551,0,0.0496298580745502,0.0637084579721366
228,0.119077588733867,0.30674464428393,0.434148073671929,0,0.0171152969203539,0.056246865537668
242,0.512808698911872,0.379108485359897,0.588476975732098,0.341714781741362,0.0100661134816274,0.073342888722574
256,0.0616862433382638,0.220823980737487,0.520044379820051,0.398956753155868,0.179630286326179,0.214176625850131
270,0,0.243254729045758,0.633090857876002,0.507224090206239,0.0520489826201903,0.246267463689126
